MAT,MAP,SOC,pH,Clay,Duration,C_input,N_input,Planting_system,Return,Tillage,Irrigation,Topdressing,CUE
13.0,500,9.9,7.38,18.9,4,4215,330,Wheat_maize,SI,CT,CI,Yes,166
20.5,1546,10.7,5.4,30.9,5,800,175,Maize,SI,CT,NI,No,700
20.5,1546,10.7,5.4,30.9,5,800,175,Maize,SI,CT,NI,No,380
20.5,1546,10.7,5.4,30.9,5,800,40,Maize,SI,CT,NI,No,300
9.6,487,7.7,8.2,23.0,2,6901,250,Maize,SI,CT,NI,No,20
9.6,487,7.7,8.2,23.0,2,7745,250,Maize,SI,CT,NI,No,1115
9.6,487,7.7,8.2,23.0,2,7745,250,Maize,SI,CT,NI,No,1125
10.1,732,6.9,7.03,25.3,3,1737,180,Maize,SI,CT,NI,Yes,1013
25.9,651,4.2,7.1,19.2,2,4300,150,Wheat_maize,SI,CT,CI,Yes,1137
25.9,651,4.2,7.1,19.2,2,4300,300,Wheat_maize,SI,CT,CI,Yes,1280
13.4,482,0.9,6.5,22.9,18,3683,260,Wheat_maize,SI,CT,CI,Yes,31
13.4,482,0.9,6.5,22.9,18,3683,260,Wheat_maize,SI,NT,CI,Yes,24
6.2,600,8.0,6.0,25.3,6,1332,0,Maize,SI,CT,NI,No,567
6.2,600,8.0,6.0,25.3,6,2664,0,Maize,SI,CT,NI,No,1182
6.2,600,8.0,6.0,25.3,6,3996,0,Maize,SI,CT,NI,No,1299
11.2,779,5.0,6.8,21.9,6,5720,0,Wheat_maize,SI,CT,CI,No,552
12.9,562,4.5,8.2,25.3,5,3124,150,Wheat_maize,SI,CT,CI,Yes,1421
6.9,385,16.3,8.0,21.9,2,6038,176,Maize,SI,CT,OI,Yes,1273
6.9,385,16.3,8.0,21.9,2,6038,176,Maize,SI,CT,CI,Yes,1209
13.4,510,7.5,7.76,21.7,2,5328,508,Wheat_maize,SI,DT,CI,Yes,115
13.4,510,7.5,7.76,21.7,2,5328,508,Wheat_maize,SI,DT,CI,Yes,127
6.3,510,9.4,5.94,16.9,4,3254,225,Maize,SI,DT,NI,Yes,215
6.3,510,9.4,5.94,16.9,4,3254,225,Maize,SI,DT,NI,Yes,290
6.3,510,9.4,5.94,16.9,4,3213,225,Maize,SI,DT,NI,Yes,140
6.3,510,9.4,5.94,16.9,4,323,225,Maize,SI,DT,NI,Yes,85
13.4,510,8.0,7.93,10.6,1,7340,378,Wheat_maize,SDB,CT,CI,Yes,162
13.4,510,8.0,7.93,10.6,1,7479,378,Wheat_maize,SDB,CT,CI,Yes,-54
13.4,510,8.0,7.93,10.6,1,7351,378,Wheat_maize,SDB,CT,CI,Yes,135
13.4,510,8.0,7.93,10.6,2,7533,378,Wheat_maize,SDB,CT,CI,Yes,122
13.4,510,8.0,7.93,10.6,2,7789,378,Wheat_maize,SDB,CT,CI,Yes,297
13.4,510,8.0,7.93,10.6,2,7839,378,Wheat_maize,SDB,CT,CI,Yes,297
13.4,510,8.0,7.93,10.6,2,7533,378,Wheat_maize,SDB,CT,CI,Yes,67
13.4,510,8.0,7.93,10.6,2,7789,378,Wheat_maize,SDB,CT,CI,Yes,270
13.4,510,8.0,7.93,10.6,2,7839,378,Wheat_maize,SDB,CT,CI,Yes,338
13.4,510,8.0,7.93,10.6,3,7197,378,Wheat_maize,SDB,CT,CI,Yes,36
13.4,510,8.0,7.93,10.6,3,7419,378,Wheat_maize,SDB,CT,CI,Yes,180
13.4,510,8.0,7.93,10.6,3,7470,378,Wheat_maize,SDB,CT,CI,Yes,243
13.4,510,8.0,7.93,10.6,3,7197,378,Wheat_maize,SDB,CT,CI,Yes,54
13.4,510,8.0,7.93,10.6,3,7419,378,Wheat_maize,SDB,CT,CI,Yes,180
13.4,510,8.0,7.93,10.6,3,7470,378,Wheat_maize,SDB,CT,CI,Yes,225
9.0,571,7.1,7.8,27.4,4,5994,0,Maize,SI,DT,NI,No,549
9.0,571,7.1,7.8,27.4,4,3996,0,Maize,SI,DT,NI,No,175
18.2,1100,4.4,8.33,23.0,4,934,332,Wheat_maize,SI,CT,NI,No,285
15.0,535,7.8,8.47,25.3,3,2993,500,Wheat_maize,SI,CT,CI,Yes,19
15.0,535,7.8,8.47,25.3,3,5985,500,Wheat_maize,SI,CT,CI,Yes,-34
8.0,540,6.2,8.2,25.3,38,1496,0,Wheat_maize,SI,CT,CI,No,226
5.0,332,12.7,7.75,25.3,2,4218,165,Maize,SI,CT,NI,No,-130
5.0,332,12.3,7.8,25.3,2,4218,165,Maize,SM,CT,NI,No,744
-4.0,350,24.6,6.12,27.4,41,1197,150,Wheat_maize,SI,CT,CI,Yes,159
-4.0,350,24.6,6.12,27.4,41,1197,75,Wheat_maize,SI,CT,CI,Yes,97
-4.0,350,24.6,6.12,27.4,41,1197,38,Wheat_maize,SI,CT,CI,Yes,40
6.0,350,5.2,8.0,25.3,3,5994,10,Wheat,SI,CT,NI,No,33
6.0,350,5.2,8.0,25.3,3,3996,10,Wheat,SI,CT,NI,No,317
6.0,350,5.2,8.0,25.3,3,1998,10,Wheat,SI,CT,NI,No,211
15.0,596,9.1,6.5,25.3,4,7729,420,Wheat_maize,SI,CT,CI,Yes,0
15.0,596,9.1,6.5,25.3,4,3880,420,Wheat_maize,SI,CT,CI,Yes,5
15.0,596,9.1,6.5,25.3,5,7729,420,Wheat_maize,SI,CT,CI,Yes,752
15.0,596,9.1,6.5,25.3,5,3880,420,Wheat_maize,SI,CT,CI,Yes,574
6.8,198,9.1,8.01,25.3,2,2394,270,Wheat,SI,CT,OI,Yes,53
6.8,198,9.1,8.01,25.3,2,2394,270,Wheat,SI,CT,OI,Yes,111
11.6,607,11.0,8.1,25.3,12,3022,495,Wheat_maize,SI,CT,CI,Yes,307
11.6,607,11.0,8.1,25.3,24,3022,495,Wheat_maize,SI,CT,CI,Yes,222
11.6,607,11.0,8.1,25.3,34,3022,495,Wheat_maize,SI,CT,CI,Yes,124
13.0,632,6.3,8.62,18.9,18,1796,188,Wheat_maize,SI,CT,NI,No,444
6.8,386,9.9,8.29,6.5,3,2220,275,Maize,SI,DT,OI,Yes,480
6.8,386,9.9,8.29,6.5,5,2220,275,Maize,SI,DT,OI,Yes,796
6.8,386,9.9,8.29,6.5,7,2220,275,Maize,SI,DT,OI,Yes,690
8.6,699,8.5,6.4,25.3,3,2331,80,Maize,SI,CT,NI,Yes,769
8.6,699,8.5,6.4,25.3,3,4662,80,Maize,SI,CT,NI,Yes,547
14.0,552,9.2,8.0,25.3,2,2713,510,Wheat_maize,SI,CT,CI,Yes,-24
14.0,552,9.2,8.0,25.3,2,2713,510,Wheat_maize,SI,CT,CI,Yes,-41
14.0,552,9.2,8.0,25.3,2,2713,510,Wheat_maize,SI,DT,CI,Yes,13
14.0,552,9.2,8.0,25.3,2,2713,510,Wheat_maize,SI,DT,CI,Yes,52
7.3,360,3.4,7.1,21.4,3,8999,270,Maize,SI,DT,OI,No,306
16.6,908,9.3,5.67,25.3,3,3615,390,Wheat_maize,SI,CT,NI,Yes,436
7.3,607,8.1,6.7,21.7,3,4802,156,Maize,SI,CT,NI,No,273
7.3,607,8.1,6.7,21.7,3,4747,156,Maize,SI,CT,NI,No,328
7.3,607,8.1,6.7,21.7,3,4828,156,Maize,SI,CT,NI,No,310
10.6,546,9.9,6.7,25.3,9,1796,475,Wheat_maize,SI,CT,CI,Yes,636
10.6,546,9.9,6.7,25.3,9,1865,475,Wheat_maize,SI,CT,CI,Yes,608
1.5,550,25.8,6.01,27.4,14,3546,202,Wheat_maize,SI,CT,CI,Yes,445
1.5,550,25.8,6.01,27.4,14,3546,202,Wheat_maize,SI,CT,CI,Yes,290
4.0,450,13.2,7.6,27.4,26,3465,112,Maize,SI,CT,NI,Yes,145
13.0,674,12.6,7.28,23.0,4,3580,0,Wheat_maize,SI,DT,CI,No,36
13.0,674,12.6,7.28,23.0,4,3580,0,Wheat_maize,SI,DT,CI,No,36
13.0,674,12.6,7.28,23.0,4,3580,84,Wheat_maize,SI,DT,CI,Yes,1010
13.0,674,12.6,7.28,23.0,4,3580,168,Wheat_maize,SI,DT,CI,Yes,-36
13.0,674,12.6,7.28,23.0,4,3580,252,Wheat_maize,SI,DT,CI,Yes,393
13.0,674,12.6,7.28,23.0,4,3580,336,Wheat_maize,SI,DT,CI,Yes,1003
10.5,147,10.9,8.52,19.0,2,1332,330,Maize,SI,DT,OI,Yes,216
11.5,500,7.1,8.0,25.3,7,3885,0,Wheat_maize,SI,DT,CI,No,586
11.5,500,7.1,8.0,25.3,7,5994,560,Wheat_maize,SI,DT,CI,Yes,843
11.5,500,7.1,8.0,25.3,7,5328,251,Wheat_maize,SI,DT,CI,Yes,157
11.5,500,7.1,8.0,25.3,7,6185,184,Wheat_maize,SI,DT,CI,Yes,1086
11.5,500,7.1,8.0,25.3,7,5932,269,Wheat_maize,SI,DT,CI,Yes,1029
12.0,649,3.9,6.8,26.1,11,5706,276,Wheat_maize,SI,CT,CI,Yes,865
12.0,649,3.9,6.8,26.1,11,11440,0,Wheat_maize,SI,CT,CI,No,279
12.0,649,3.9,6.8,26.1,11,11440,276,Wheat_maize,SI,CT,CI,Yes,895
24.3,360,4.8,8.25,27.0,3,2112,330,Maize,SM,CT,CI,Yes,786
24.3,360,4.8,8.1,27.0,3,2112,0,Maize,SM,CT,CI,No,1355
13.0,550,3.5,8.17,18.9,8,3796,362,Wheat_maize,SI,CT,CI,Yes,137
13.0,550,3.5,8.17,18.9,8,3796,362,Wheat_maize,SI,DT,CI,Yes,-50
13.0,550,3.5,8.17,18.9,8,3796,362,Wheat_maize,SM,NT,CI,Yes,-108
7.5,520,9.9,6.3,25.3,6,1776,300,Wheat_maize,SI,CT,NI,Yes,572
7.5,520,10.2,6.3,25.3,6,3552,300,Wheat_maize,SI,CT,NI,Yes,901
12.5,660,10.2,7.8,18.9,9,861,240,Wheat_maize,SI,CT,CI,Yes,268
12.5,660,10.2,7.8,18.9,9,1721,240,Wheat_maize,SI,CT,CI,Yes,435
11.0,449,1.3,8.27,21.9,2,2664,130,Maize,SI,CT,NI,No,654
11.0,449,1.3,8.27,21.9,2,2664,130,Maize,SM,NT,NI,No,301
11.0,449,1.3,8.27,21.9,2,2664,130,Maize,SI,CT,NI,No,527
11.0,449,1.3,8.27,21.9,2,2664,130,Maize,SM,NT,NI,No,179
8.7,479,10.6,7.5,19.8,7,2664,240,Maize,SDB,NT,NI,No,636
13.0,600,7.9,7.8,18.9,20,1796,353,Wheat_maize,SI,CT,CI,Yes,103
4.0,567,15.7,5.71,27.4,6,1776,240,Maize,SI,CT,NI,Yes,269
4.0,567,15.7,5.71,27.4,6,1776,240,Maize,SI,CT,NI,Yes,225
12.9,527,10.6,8.2,21.7,5,1989,338,Wheat_maize,SI,CT,CI,Yes,244
12.9,527,10.6,8.2,21.7,5,2666,338,Wheat_maize,SI,CT,CI,Yes,406
12.9,527,10.6,8.2,21.7,5,5332,338,Wheat_maize,SI,CT,CI,Yes,928
12.9,527,10.6,7.8,18.9,5,5843,338,Wheat_maize,SI,CT,CI,Yes,-116
12.9,527,10.6,7.8,18.9,5,6413,338,Wheat_maize,SI,DT,CI,Yes,605
12.9,527,10.6,7.8,18.9,5,6099,338,Wheat_maize,SI,CT,CI,Yes,496
12.9,527,10.6,7.8,18.9,5,2323,338,Wheat_maize,SI,CT,CI,Yes,359
12.9,527,10.6,7.8,18.9,5,2985,338,Wheat_maize,SI,DT,CI,Yes,182
12.9,527,10.6,7.8,18.9,5,3086,338,Wheat_maize,SI,CT,CI,Yes,22
12.9,527,10.6,7.8,18.9,5,6413,338,Wheat_maize,SI,DT,CI,Yes,166
12.9,527,10.6,7.8,18.9,5,6099,338,Wheat_maize,SI,CT,CI,Yes,176
12.9,527,10.6,7.8,18.9,5,2323,338,Wheat_maize,SI,CT,CI,Yes,13
12.9,527,10.6,7.8,18.9,5,3086,338,Wheat_maize,SI,CT,CI,Yes,-130
13.5,504,26.9,7.8,26.1,5,2437,308,Wheat_maize,SI,CT,CI,Yes,662
13.5,504,27.0,7.8,26.1,5,2946,308,Wheat_maize,SI,CT,CI,Yes,947
12.9,527,11.3,8.2,26.1,6,2305,308,Wheat_maize,SI,CT,CI,Yes,90
12.9,527,11.3,8.2,26.1,6,2256,308,Wheat_maize,SI,CT,CI,Yes,145
12.9,527,11.3,8.2,26.1,6,2442,308,Wheat_maize,SI,CT,CI,Yes,296
12.9,527,11.3,8.2,26.1,6,2504,308,Wheat_maize,SI,CT,CI,Yes,451
12.9,527,11.3,8.2,26.1,6,4748,308,Wheat_maize,SI,CT,CI,Yes,512
12.9,527,11.3,8.2,26.1,6,4760,308,Wheat_maize,SI,CT,CI,Yes,290
12.5,527,11.3,7.8,18.9,8,3805,188,Wheat_maize,SI,CT,CI,Yes,296
12.5,527,11.3,7.8,18.9,8,3996,188,Wheat_maize,SI,DT,CI,Yes,325
12.5,527,11.3,7.8,18.9,8,2334,188,Wheat_maize,SI,CT,CI,Yes,213
12.5,527,11.3,7.8,18.9,8,6839,188,Wheat_maize,SI,CT,CI,Yes,238
12.5,527,11.3,7.8,18.9,8,3228,188,Wheat_maize,SI,DT,CI,Yes,381
12.5,527,11.3,7.8,18.9,8,2410,188,Wheat_maize,SI,CT,CI,Yes,51
12.5,527,11.3,7.8,18.9,8,7209,188,Wheat_maize,SI,CT,CI,Yes,302
12.5,527,11.3,7.8,18.9,8,7566,188,Wheat_maize,SI,DT,CI,Yes,416
10.0,600,12.9,5.14,27.4,2,5244,241,Maize,SI,CT,NI,Yes,541
10.0,600,12.9,5.14,27.4,2,5291,241,Maize,SI,CT,NI,Yes,776
10.0,600,12.9,5.14,27.4,2,5388,241,Maize,SI,CT,NI,Yes,874
12.1,579,10.3,8.0,21.7,5,6962,439,Wheat_maize,SI,CT,CI,Yes,406
13.0,600,8.0,7.8,18.9,15,1796,0,Wheat_maize,SI,CT,CI,No,100
13.0,600,8.0,7.8,18.9,15,1796,0,Wheat_maize,SI,CT,CI,No,100
13.0,600,8.0,7.8,18.9,15,1796,120,Wheat_maize,SI,CT,CI,No,147
13.0,600,8.0,7.8,18.9,15,1796,240,Wheat_maize,SI,CT,CI,No,60
9.1,588,8.3,8.0,23.0,3,1925,135,Wheat,SI,CT,NI,No,747
9.1,588,8.3,8.0,23.0,3,1671,135,Wheat,SI,CT,NI,No,563
12.9,630,6.5,7.8,18.9,6,2001,225,Wheat_maize,SM,NT,NI,No,788
12.9,630,6.5,7.8,18.9,6,2001,225,Wheat_maize,SI,CT,NI,No,-29
12.9,527,10.6,7.8,21.7,10,5472,338,Wheat_maize,SI,CT,OI,Yes,-30
9.1,575,6.8,8.0,23.0,4,7474,225,Maize,SDB,NT,NI,No,873
12.9,545,6.3,7.99,11.2,2,6660,480,Wheat_maize,SM,NT,CI,No,409
12.9,545,6.3,7.99,11.2,2,6660,480,Wheat_maize,SI,DT,CI,No,851
12.9,545,6.3,7.99,11.2,2,6660,480,Wheat_maize,SDB,DT,CI,No,-69
12.5,519,6.6,8.5,21.7,4,5694,270,Wheat_maize,SI,CT,CI,Yes,671
17.7,1820,21.3,5.5,18.9,3,3452,180,Wheat_maize,SI,CT,CI,Yes,853
12.9,637,14.3,8.0,26.1,3,1998,0,Wheat_maize,SI,CT,CI,No,389
12.9,637,14.3,8.0,26.1,3,1998,0,Wheat_maize,SI,CT,CI,No,689
12.9,637,14.3,8.0,26.1,3,1998,410,Wheat_maize,SI,CT,CI,Yes,86
12.9,637,14.3,8.0,26.1,3,1998,410,Wheat_maize,SI,CT,CI,Yes,86
12.9,637,14.3,8.0,26.1,3,3996,0,Wheat_maize,SI,CT,CI,No,1231
12.9,637,14.3,8.0,26.1,3,3996,410,Wheat_maize,SI,CT,CI,Yes,739
12.9,637,14.3,8.0,26.1,3,3996,410,Wheat_maize,SI,CT,CI,Yes,739
13.4,510,7.5,7.9,21.7,4,4440,378,Wheat_maize,SDB,CT,CI,Yes,466
13.4,510,7.5,7.9,21.7,4,4440,378,Wheat_maize,SDB,CT,CI,Yes,486
13.4,510,7.5,7.9,21.7,4,4440,378,Wheat_maize,SDB,CT,CI,Yes,97
2.4,477,25.6,6.5,25.3,3,6467,240,Maize,SI,CT,NI,No,262
15.4,906,8.3,8.0,25.3,11,8784,0,Wheat_maize,SI,CT,CI,No,313
15.4,906,8.3,8.0,25.3,11,8784,360,Wheat_maize,SI,CT,CI,Yes,527
15.4,906,8.3,8.0,25.3,11,8784,540,Wheat_maize,SI,CT,CI,Yes,605
15.4,906,8.3,8.0,25.3,11,8784,720,Wheat_maize,SI,CT,CI,Yes,610
17.2,1450,8.2,4.8,25.3,3,5080,137,Wheat_maize,SI,CT,CI,Yes,545
12.4,550,6.7,8.0,27.4,39,3996,0,Wheat_maize,SI,CT,CI,No,75
12.4,550,6.7,8.0,27.4,39,3996,180,Wheat_maize,SI,CT,CI,Yes,90
12.4,550,6.7,8.0,27.4,39,3996,360,Wheat_maize,SI,CT,CI,Yes,60
12.4,550,6.7,8.0,27.4,39,3996,540,Wheat_maize,SI,CT,CI,Yes,7
21.0,1304,8.5,6.5,25.3,2,3168,100,Maize,SI,CT,NI,Yes,465
21.0,1304,8.5,6.5,25.3,2,3361,150,Maize,SI,CT,NI,Yes,258
21.0,1304,8.5,6.5,25.3,2,3453,200,Maize,SI,CT,NI,Yes,666
21.0,1304,8.5,6.5,25.3,2,3585,250,Maize,SI,CT,NI,Yes,961
21.0,1304,8.5,6.5,25.3,2,3564,300,Maize,SI,CT,NI,Yes,661
13.6,786,7.2,7.09,25.3,15,9231,345,Wheat_maize,SM,NT,CI,Yes,334
13.6,786,7.2,7.09,25.3,15,11538,345,Wheat_maize,SM,NT,CI,Yes,546
13.6,786,7.2,7.09,25.3,15,13077,345,Wheat_maize,SM,NT,CI,Yes,920
6.1,577,11.0,6.68,31.1,3,4108,175,Maize,SDB,NT,NI,No,717
6.1,577,11.0,6.68,31.1,3,8216,175,Maize,SDB,NT,NI,No,597
6.1,577,11.0,6.68,31.1,3,12324,175,Maize,SDB,NT,NI,No,1409
6.1,577,11.0,6.68,31.1,4,4108,175,Maize,SDB,NT,NI,No,693
6.1,577,11.0,6.68,31.1,4,8216,175,Maize,SDB,NT,NI,No,1060
6.1,577,11.0,6.68,31.1,4,12324,175,Maize,SDB,NT,NI,No,1247
6.1,577,11.0,6.68,31.1,5,4108,175,Maize,SDB,NT,NI,No,688
6.1,577,11.0,6.68,31.1,5,8216,175,Maize,SDB,NT,NI,No,484
6.1,577,11.0,6.68,31.1,5,12324,175,Maize,SDB,NT,NI,No,992
12.5,1270,10.8,6.5,20.2,13,9855,200,Wheat_maize,SI,CT,CI,Yes,603
18.4,1105,10.0,6.7,28.3,7,3137,360,Wheat_maize,SI,CT,CI,Yes,570
18.4,1105,10.0,6.7,28.3,7,3137,360,Wheat_maize,SI,CT,CI,Yes,786
9.4,550,6.3,8.73,26.1,9,4351,150,Maize,SM,NT,CI,No,1388
9.4,550,6.3,8.73,26.1,6,4351,150,Maize,SM,NT,CI,No,1298
14.3,552,5.3,8.0,25.3,4,2753,510,Wheat_maize,SI,CT,CI,Yes,1208
14.3,552,5.3,8.0,25.3,4,2753,510,Wheat_maize,SI,CT,CI,Yes,1208
14.3,552,5.3,8.0,25.3,4,3814,510,Wheat_maize,SI,CT,CI,Yes,1182
14.3,552,5.3,8.0,25.3,4,3814,510,Wheat_maize,SI,CT,CI,Yes,1182
14.3,552,5.3,8.0,25.3,4,3814,510,Wheat_maize,SI,DT,CI,Yes,726
14.3,552,5.3,8.0,25.3,4,3814,510,Wheat_maize,SI,DT,CI,Yes,966
12.9,526,10.6,7.8,25.3,3,5189,338,Wheat_maize,SI,CT,CI,Yes,510
12.9,526,10.6,7.8,25.3,3,4772,338,Wheat_maize,SI,DT,CI,Yes,-51
12.9,526,10.6,7.8,25.3,3,4153,338,Wheat_maize,SI,CT,CI,Yes,1320
12.9,526,10.6,7.8,25.3,3,4076,338,Wheat_maize,SI,DT,CI,Yes,204
12.9,526,10.6,7.8,25.3,3,4002,338,Wheat_maize,SI,CT,CI,Yes,1471
12.9,526,10.6,7.8,25.3,3,2355,338,Wheat_maize,SI,CT,CI,Yes,102
12.9,526,10.6,7.8,25.3,3,2170,338,Wheat_maize,SI,DT,CI,Yes,459
24.5,800,11.8,5.8,29.0,2,2400,40,Maize,SI,CT,CI,No,-35
24.5,800,11.8,5.8,29.0,2,2400,40,Maize,SI,CT,CI,No,45
24.5,800,11.8,5.8,29.0,2,1133,40,Maize,SI,CT,CI,No,460
24.5,800,11.8,5.8,29.0,2,1133,40,Maize,SI,CT,CI,No,25
24.5,800,3.0,5.0,3.0,2,2400,40,Maize,SI,CT,CI,No,50
24.5,800,3.0,5.0,3.0,2,2400,40,Maize,SI,CT,CI,No,55
24.5,800,3.0,5.0,3.0,2,1133,40,Maize,SI,CT,CI,No,10
9.0,572,7.8,7.8,27.4,6,1004,236,Wheat_maize,SI,CT,CI,No,255
9.0,572,7.8,7.8,27.4,6,2009,236,Wheat_maize,SI,CT,CI,No,204
6.9,540,4.4,8.1,26.1,3,3698,67,Maize,SM,NT,NI,Yes,796
6.9,540,4.4,8.1,26.1,3,3698,67,Maize,SI,CT,NI,Yes,844
8.1,468,6.2,8.4,26.1,10,2663,75,Maize,SI,CT,NI,No,703
22.8,2224,18.3,5.57,23.5,4,639,300,Wheat_maize,SI,CT,CI,Yes,598
22.8,2224,18.3,5.57,23.5,4,1352,300,Wheat_maize,SI,CT,CI,Yes,790
22.8,2224,18.3,5.57,23.5,4,690,300,Wheat_maize,SI,CT,CI,Yes,242
22.8,2224,18.3,5.57,23.5,4,1511,300,Wheat_maize,SI,CT,CI,Yes,16
8.1,430,7.8,8.4,20.8,4,4280,300,Maize,SDB,DT,NI,Yes,585
8.1,430,7.8,8.4,20.8,4,4220,300,Maize,SI,DT,NI,Yes,86
8.1,430,7.8,8.4,20.8,5,4350,300,Maize,SDB,DT,NI,Yes,468
8.1,430,7.8,8.4,20.8,5,4200,300,Maize,SI,DT,NI,Yes,96
15.0,800,10.6,5.82,31.1,2,3888,180,Wheat_maize,SI,CT,CI,Yes,970
15.0,800,10.6,5.82,31.1,2,3888,180,Wheat_maize,SI,CT,CI,Yes,526
15.0,800,10.6,5.82,31.1,3,3888,180,Wheat_maize,SI,CT,CI,Yes,535
15.0,800,10.6,5.82,31.1,3,3888,180,Wheat_maize,SI,CT,CI,Yes,751
6.4,391,7.6,8.4,21.7,17,867,125,Wheat,SI,CT,NI,No,61
6.4,391,7.6,8.4,21.7,17,965,125,Wheat,SM,NT,NI,No,352
6.4,391,7.6,8.4,21.7,17,582,125,Wheat,SI,CT,NI,No,20
6.4,391,7.6,8.4,21.7,17,673,125,Wheat,SM,NT,NI,No,253
6.3,398,6.5,8.0,21.7,5,617,120,Wheat,SM,NT,NI,No,355
6.3,398,6.5,8.0,21.7,5,746,120,Wheat,SI,CT,NI,No,94
17.7,910,6.5,7.4,22.0,3,900,120,Wheat,SI,CT,CI,Yes,643
10.0,928,6.5,6.4,21.1,32,670,0,Wheat_maize,SI,CT,CI,No,64
10.0,928,6.5,6.4,21.1,32,1450,210,Wheat_maize,SI,CT,CI,Yes,75
10.0,928,6.5,6.4,21.1,32,2160,270,Wheat_maize,SI,CT,CI,Yes,91
10.0,928,6.5,6.4,21.1,32,1070,0,Wheat_maize,SI,CT,CI,No,94
10.0,928,6.5,6.4,21.1,32,1920,210,Wheat_maize,SI,CT,CI,Yes,105
10.0,928,6.5,6.4,21.1,32,2400,270,Wheat_maize,SI,CT,CI,Yes,83
6.4,390,7.6,8.4,21.7,1,1975,125,Wheat_maize,SI,CT,NI,No,621
6.4,390,7.6,8.4,21.7,1,2253,125,Wheat_maize,SM,NT,NI,No,1127
12.9,527,11.3,8.2,25.3,9,3344,308,Wheat_maize,SI,CT,CI,Yes,-12
12.9,527,11.3,8.2,25.3,9,3181,308,Wheat_maize,SI,CT,CI,Yes,-4
12.9,527,11.3,8.2,25.3,9,2982,308,Wheat_maize,SI,CT,CI,Yes,78
12.5,587,10.8,8.1,20.2,11,3600,200,Wheat_maize,SI,CT,CI,Yes,354
26.2,1100,6.5,6.2,21.0,6,1340,80,Maize,SI,CT,NI,No,62
26.2,1100,6.5,6.2,21.0,6,6640,80,Maize,SI,CT,NI,No,689
26.2,1100,6.5,6.2,21.0,6,3990,80,Maize,SI,CT,NI,No,551
13.0,664,9.8,6.5,25.3,7,3839,0,Wheat_maize,SI,CT,CI,No,247
13.0,664,9.8,6.5,25.3,7,3839,0,Wheat_maize,SI,CT,CI,No,247
13.0,664,9.8,6.5,25.3,7,4296,180,Wheat_maize,SI,CT,CI,Yes,593
13.0,664,9.8,6.5,25.3,7,4546,360,Wheat_maize,SI,CT,CI,Yes,593
13.0,664,9.8,6.5,25.3,7,4361,540,Wheat_maize,SI,CT,CI,Yes,532
13.0,664,9.8,6.5,25.3,7,4178,720,Wheat_maize,SI,CT,CI,Yes,307
13.2,604,10.1,7.8,18.9,4,2861,0,Wheat_maize,SI,CT,CI,No,490
13.2,604,10.1,7.8,18.9,4,2861,0,Wheat_maize,SI,CT,CI,No,490
13.2,604,10.1,7.8,18.9,4,3253,0,Wheat_maize,SI,CT,CI,No,563
13.2,604,10.1,7.8,18.9,4,3253,0,Wheat_maize,SI,CT,CI,No,563
8.6,507,10.8,7.8,25.3,2,4440,225,Maize,SI,DT,NI,Yes,744
8.6,507,10.8,7.8,25.3,2,4440,225,Maize,SDB,DT,NI,Yes,695
13.0,697,7.2,7.09,25.3,10,5349,465,Wheat_maize,SI,CT,CI,Yes,671
13.0,697,7.2,7.09,25.3,10,5349,465,Wheat_maize,SI,DT,CI,Yes,576
13.0,697,7.2,7.09,25.3,10,5349,465,Wheat_maize,SI,CT,CI,Yes,211
13.0,697,7.2,7.09,25.3,10,5349,465,Wheat_maize,SM,NT,CI,Yes,981
7.4,461,12.2,7.87,25.3,22,1332,105,Maize,SI,CT,NI,No,-11
7.4,461,11.7,8.0,25.3,22,390,31,Maize,SI,CT,NI,No,26
7.4,461,12.6,8.0,25.3,22,390,179,Maize,SI,CT,NI,No,46
7.4,461,12.9,8.0,25.3,22,2274,31,Maize,SI,CT,NI,No,-7
7.4,461,13.1,8.0,25.3,22,2274,179,Maize,SI,CT,NI,No,-67
7.4,461,11.8,8.0,25.3,22,1332,210,Maize,SI,CT,NI,No,-56
7.4,461,11.6,8.0,25.3,22,2664,105,Maize,SI,CT,NI,No,109
7.4,461,12.9,8.0,25.3,22,1332,105,Maize,SI,CT,NI,No,92
9.0,572,7.3,8.24,27.4,3,1688,150,Wheat,SI,CT,NI,No,119
9.0,572,7.3,8.24,27.4,3,3375,150,Wheat,SI,CT,NI,No,381
9.0,572,7.3,8.24,27.4,3,6750,150,Wheat,SI,CT,NI,No,50
12.9,527,12.0,7.8,25.3,3,6989,338,Wheat_maize,SI,CT,CI,Yes,729
12.9,527,12.0,7.8,25.3,3,6989,338,Wheat_maize,SI,CT,CI,Yes,1485
6.2,477,11.1,7.23,22.9,1,3552,180,Maize,SI,CT,NI,Yes,1332
6.2,477,11.1,7.23,22.9,1,3552,180,Maize,SI,DT,NI,Yes,783
6.2,477,11.1,7.23,22.9,2,3552,180,Maize,SI,CT,NI,Yes,1162
6.2,477,11.1,7.23,22.9,2,3552,180,Maize,SI,CT,NI,Yes,796
6.2,477,11.1,7.23,22.9,2,3552,180,Maize,SI,DT,NI,Yes,392
6.2,477,11.1,7.23,22.9,3,3552,180,Maize,SI,CT,NI,Yes,1001
6.2,477,11.1,7.23,22.9,3,3552,180,Maize,SI,CT,NI,Yes,757
6.2,477,11.1,7.23,22.9,3,3552,180,Maize,SI,DT,NI,Yes,287
9.1,1440,10.5,8.3,23.0,5,3996,240,Wheat_maize,SI,CT,NI,No,777
9.1,1440,10.5,8.3,23.0,5,3996,240,Wheat_maize,SI,CT,NI,No,-78
9.1,1440,10.5,8.3,23.0,9,3996,270,Wheat_maize,SI,CT,NI,No,27
9.1,1440,10.5,8.3,23.0,9,3996,270,Wheat_maize,SI,CT,NI,No,318
9.1,1440,10.5,8.3,23.0,9,1998,270,Wheat_maize,SI,CT,NI,No,528
-0.5,510,24.5,6.1,27.4,33,1197,75,Wheat_maize,SI,DT,NI,No,96
2.3,550,31.3,6.2,27.4,21,1980,245,Wheat_maize,SI,DT,NI,No,109
4.5,525,13.5,7.6,27.4,18,3300,112,Maize,SI,CT,NI,No,0
13.0,500,8.5,7.4,27.4,5,2220,300,Wheat_maize,SI,CT,CI,Yes,303
13.0,500,8.5,7.4,27.4,5,1995,360,Wheat_maize,SI,CT,CI,Yes,470
13.0,500,8.5,7.4,27.4,5,1995,360,Wheat_maize,SI,CT,CI,Yes,470
13.0,500,8.5,7.4,27.4,5,1995,360,Wheat_maize,SI,CT,CI,Yes,400
12.9,660,9.7,7.8,18.9,3,3591,413,Wheat_maize,SM,NT,CI,No,683
12.9,660,10.1,7.8,18.9,3,3591,413,Wheat_maize,SM,NT,CI,No,461
12.9,660,8.9,7.8,18.9,3,1796,413,Wheat_maize,SM,NT,CI,No,1047
12.9,660,10.1,7.8,18.9,3,1796,413,Wheat_maize,SM,NT,CI,No,222
12.9,660,9.5,7.8,18.9,3,3996,413,Wheat_maize,SM,NT,CI,No,495
12.9,660,9.8,7.8,18.9,3,3996,413,Wheat_maize,SM,NT,CI,No,289
12.9,660,8.9,7.8,18.9,3,1998,413,Wheat_maize,SM,NT,CI,No,614
12.9,660,9.7,7.8,18.9,3,1998,413,Wheat_maize,SM,NT,CI,No,240
7.3,655,8.6,6.0,21.7,4,5819,180,Maize,SI,CT,NI,No,884
8.0,620,10.0,6.61,23.2,1,11830,240,Maize,SM,NT,NI,Yes,845
8.6,699,9.8,6.4,25.3,4,5145,225,Maize,SDB,NT,NI,No,-118
8.6,699,9.8,6.4,25.3,4,7718,225,Maize,SDB,NT,NI,No,-83
13.8,646,8.4,6.5,22.9,7,5471,328,Wheat_maize,SI,DT,CI,Yes,229
10.5,572,8.1,7.8,27.4,5,3591,150,Wheat,SI,CT,NI,No,606
10.5,572,8.1,7.8,27.4,5,2394,150,Wheat,SI,CT,NI,No,467
10.5,572,8.1,7.8,27.4,5,1197,150,Wheat,SI,CT,NI,No,88
13.1,556,6.6,7.9,25.3,6,3502,352,Wheat_maize,SI,CT,CI,Yes,913
13.1,556,6.6,7.9,25.3,6,3578,352,Wheat_maize,SI,CT,CI,Yes,764
12.9,500,10.3,7.99,11.2,2,7632,358,Wheat_maize,SI,CT,CI,Yes,-113
12.9,500,10.3,7.99,11.2,2,7632,358,Wheat_maize,SDB,DT,CI,Yes,913
8.6,286,4.8,8.4,18.4,1,5328,0,Maize,SI,DT,OI,No,354
8.6,286,4.8,8.4,18.4,2,5328,150,Maize,SI,DT,OI,Yes,467
8.6,286,4.8,8.4,18.4,2,5328,300,Maize,SI,DT,OI,Yes,1047
13.6,488,10.0,6.5,21.9,5,3000,0,Wheat_maize,SI,CT,CI,No,294
13.6,488,10.0,6.5,21.9,5,3000,210,Wheat_maize,SI,CT,CI,Yes,451
13.6,488,7.5,6.5,21.9,5,3000,0,Wheat_maize,SI,CT,CI,No,232
13.6,488,7.5,6.5,21.9,5,3000,210,Wheat_maize,SI,CT,CI,Yes,439
13.6,697,8.4,6.5,25.3,11,4345,565,Wheat_maize,SI,CT,CI,Yes,19
13.6,697,8.4,6.5,25.3,11,4345,565,Wheat_maize,SI,CT,CI,Yes,19
13.6,697,7.5,6.5,25.3,11,5031,565,Wheat_maize,SM,NT,CI,Yes,-48
13.6,697,8.4,6.5,25.3,11,5103,565,Wheat_maize,SI,DT,CI,Yes,346
6.5,450,9.8,8.5,26.1,3,1721,248,Maize,SI,CT,NI,No,217
6.5,450,9.8,8.5,26.1,3,3748,248,Maize,SI,CT,NI,No,466
6.5,450,9.8,8.5,26.1,11,1721,248,Maize,SI,CT,NI,No,896
8.0,480,6.6,8.0,25.3,7,1938,315,Wheat_maize,SM,CT,CI,Yes,445
8.0,480,5.5,8.0,25.3,7,1784,315,Wheat_maize,SM,NT,CI,Yes,1154
12.5,497,6.7,8.32,27.4,23,3996,0,Wheat_maize,SI,CT,CI,No,43
12.5,497,6.7,8.32,27.4,23,3996,0,Wheat_maize,SI,CT,CI,No,43
12.5,497,6.7,8.32,27.4,23,3996,90,Wheat_maize,SI,CT,CI,Yes,13
12.5,497,6.7,8.32,27.4,23,3996,180,Wheat_maize,SI,CT,CI,Yes,54
12.5,497,6.7,8.32,27.4,23,3996,360,Wheat_maize,SI,CT,CI,Yes,112
12.5,497,6.7,8.0,27.4,23,3996,0,Wheat_maize,SI,CT,CI,No,14
12.5,497,6.7,8.0,27.4,23,3996,0,Wheat_maize,SI,CT,CI,No,14
12.5,497,6.7,8.0,27.4,23,3996,90,Wheat_maize,SI,CT,CI,Yes,43
12.5,497,6.7,8.0,27.4,23,3996,180,Wheat_maize,SI,CT,CI,Yes,24
12.5,497,6.7,8.0,27.4,23,3996,360,Wheat_maize,SI,CT,CI,Yes,19
6.0,730,9.1,6.4,25.3,4,2664,0,Maize,SI,CT,NI,No,867
6.0,730,9.1,6.4,25.3,4,2664,300,Maize,SI,CT,NI,No,810
6.0,730,9.1,6.4,25.3,4,5328,0,Maize,SI,CT,NI,No,695
6.0,730,9.1,6.4,25.3,4,5328,300,Maize,SI,CT,NI,No,1028
6.0,730,9.1,6.4,25.3,4,5328,0,Maize,SI,CT,NI,No,1118
6.3,398,11.0,8.3,21.7,3,1078,576,Wheat_maize,SM,NT,CI,No,648
14.9,578,10.3,7.51,22.9,7,2343,500,Wheat_maize,SI,DT,CI,Yes,-121
14.9,578,10.6,7.51,22.9,7,3995,500,Wheat_maize,SI,CT,CI,Yes,210
14.9,578,10.3,8.0,21.9,7,5033,500,Wheat_maize,SI,DT,CI,Yes,-16
14.9,578,10.3,8.0,21.9,7,5426,500,Wheat_maize,SI,CT,CI,Yes,-38
14.9,578,10.6,8.0,21.9,7,4294,500,Wheat_maize,SI,DT,CI,Yes,-8
14.9,578,10.6,8.0,21.9,7,4738,500,Wheat_maize,SI,CT,CI,Yes,171
7.5,358,6.8,9.15,12.6,1,5328,168,Maize,SI,NT,CI,No,480
13.4,512,7.5,7.7,21.7,3,2502,378,Wheat_maize,SI,CT,CI,Yes,337
13.4,512,7.5,7.7,21.7,3,2430,378,Wheat_maize,SI,CT,CI,Yes,551
13.4,510,7.5,7.76,21.7,1,2520,375,Wheat_maize,SI,CT,CI,Yes,564
13.4,510,7.5,7.76,21.7,1,2520,375,Wheat_maize,SI,CT,CI,Yes,1362
13.4,510,7.5,7.76,21.7,2,2520,375,Wheat_maize,SI,CT,CI,Yes,881
13.4,510,7.5,7.76,21.7,2,2520,375,Wheat_maize,SI,CT,CI,Yes,1229
13.4,510,7.5,7.76,21.7,2,2520,375,Wheat_maize,SI,CT,CI,Yes,621
13.4,510,7.5,7.76,21.7,2,2520,375,Wheat_maize,SI,CT,CI,Yes,823
13.4,510,7.5,7.76,21.7,3,2520,375,Wheat_maize,SI,CT,CI,Yes,304
13.4,510,7.5,7.76,21.7,3,2520,375,Wheat_maize,SI,CT,CI,Yes,369
13.4,510,7.5,7.76,21.7,3,2520,375,Wheat_maize,SI,CT,CI,Yes,200
13.4,510,7.5,7.76,21.7,3,2520,375,Wheat_maize,SI,CT,CI,Yes,228
7.1,342,9.2,7.73,17.5,1,2220,242,Maize,SI,DT,CI,Yes,474
7.1,342,9.2,7.73,17.5,1,2220,242,Maize,SI,DT,OI,Yes,712
7.1,342,9.2,7.73,17.5,2,2220,242,Maize,SI,DT,CI,Yes,422
7.1,342,9.2,7.73,17.5,2,2220,242,Maize,SI,DT,OI,Yes,672
9.1,571,11.8,7.65,20.6,7,3542,225,Maize,SDB,CT,NI,No,182
9.1,571,11.8,7.65,20.6,7,3542,225,Maize,SDB,CT,NI,No,519
14.5,615,5.7,8.43,18.9,3,7734,360,Wheat_maize,SI,CT,CI,Yes,130
14.5,615,5.7,8.43,18.9,3,7734,315,Wheat_maize,SI,CT,CI,Yes,489
14.5,615,5.7,8.43,18.9,3,7734,270,Wheat_maize,SI,CT,CI,Yes,111
14.5,615,5.7,8.43,18.9,3,7734,450,Wheat_maize,SI,CT,CI,Yes,471
5.7,368,10.6,7.6,27.7,19,2590,110,Wheat,SI,CT,CI,Yes,159
5.7,368,10.6,7.6,27.7,19,2480,110,Wheat,SI,CT,CI,Yes,180
5.7,368,10.6,7.6,27.7,19,2489,110,Wheat,SI,CT,CI,Yes,113
5.7,368,10.6,7.6,27.7,19,2247,110,Wheat,SI,CT,CI,Yes,145
12.9,527,10.6,7.8,21.7,10,5081,338,Wheat_maize,SI,CT,OI,Yes,708
12.9,527,10.6,7.8,21.7,10,2292,338,Wheat_maize,SI,CT,OI,Yes,167
12.9,527,10.6,7.8,21.7,10,2789,338,Wheat_maize,SI,CT,OI,Yes,472
12.9,527,11.3,8.2,26.1,8,3035,308,Wheat_maize,SI,CT,CI,Yes,289
12.9,527,11.3,8.2,26.1,8,3454,308,Wheat_maize,SI,CT,CI,Yes,448
12.9,527,11.3,8.2,26.1,8,6489,308,Wheat_maize,SI,CT,CI,Yes,850
12.9,527,11.3,8.2,18.9,9,3591,308,Wheat_maize,SI,CT,CI,Yes,75
12.9,527,11.3,8.2,18.9,9,3870,308,Wheat_maize,SI,CT,CI,Yes,446
12.9,527,11.3,8.2,18.9,9,3870,308,Wheat_maize,SI,CT,CI,Yes,725
13.6,786,7.2,6.3,25.3,3,2794,480,Wheat_maize,SM,NT,CI,Yes,1462
13.6,786,7.2,6.3,25.3,3,2729,480,Wheat_maize,SI,CT,CI,Yes,1497
13.6,786,7.2,6.3,25.3,3,3302,480,Wheat_maize,SI,CT,CI,Yes,1344
13.6,786,7.2,6.3,25.3,3,3490,480,Wheat_maize,SI,DT,CI,Yes,604
13.6,786,7.2,6.3,25.3,3,3217,480,Wheat_maize,SI,CT,CI,Yes,362
13.9,615,4.6,8.57,27.4,5,1528,0,Wheat_maize,SM,NT,CI,No,412
13.9,615,4.6,8.57,27.4,5,3836,210,Wheat_maize,SDB,NT,CI,Yes,776
12.4,550,6.7,8.7,27.4,32,990,360,Wheat_maize,SI,CT,CI,Yes,128
12.4,550,6.7,8.7,27.4,32,1980,360,Wheat_maize,SI,CT,CI,Yes,183
12.4,550,6.7,8.7,27.4,32,3960,360,Wheat_maize,SI,CT,CI,Yes,149
6.1,536,11.5,6.4,23.0,2,5209,175,Maize,SDB,NT,NI,No,725
14.6,734,5.9,8.0,21.9,2,1496,360,Wheat_maize,SI,DT,CI,Yes,30
14.6,734,5.9,8.0,21.9,2,2993,360,Wheat_maize,SI,DT,CI,Yes,151
14.6,734,5.9,8.0,21.9,2,4489,360,Wheat_maize,SI,DT,CI,Yes,261
14.6,734,5.9,8.0,21.9,2,1496,360,Wheat_maize,SI,DT,CI,Yes,75
14.6,734,5.9,8.0,21.9,2,2993,360,Wheat_maize,SI,DT,CI,Yes,113
14.6,734,5.9,8.0,21.9,2,4489,360,Wheat_maize,SI,DT,CI,Yes,173
14.6,734,5.9,8.0,21.9,3,1496,360,Wheat_maize,SI,DT,CI,Yes,210
14.6,734,5.9,8.0,21.9,3,2993,360,Wheat_maize,SI,DT,CI,Yes,295
14.6,734,5.9,8.0,21.9,3,4489,360,Wheat_maize,SI,DT,CI,Yes,540
14.6,734,5.9,8.0,21.9,3,1496,360,Wheat_maize,SI,DT,CI,Yes,250
14.6,734,5.9,8.0,21.9,3,2993,360,Wheat_maize,SI,DT,CI,Yes,465
14.6,734,5.9,8.0,21.9,3,4489,360,Wheat_maize,SI,DT,CI,Yes,639
15.4,565,7.2,7.09,25.3,15,4884,345,Wheat_maize,SI,CT,CI,Yes,138
15.4,565,7.2,7.09,25.3,15,4884,345,Wheat_maize,SI,DT,CI,Yes,50
15.4,565,7.2,7.09,25.3,15,4884,345,Wheat_maize,SI,CT,CI,Yes,479
15.4,565,7.2,7.09,25.3,15,4884,345,Wheat_maize,SI,DT,CI,Yes,323
15.4,565,7.2,7.09,25.3,16,4884,345,Wheat_maize,SI,CT,CI,Yes,168
15.4,565,7.2,7.09,25.3,16,4884,345,Wheat_maize,SI,DT,CI,Yes,284
15.4,565,7.2,7.09,25.3,16,4884,345,Wheat_maize,SI,CT,CI,Yes,740
15.4,565,7.2,7.09,25.3,16,4884,345,Wheat_maize,SI,DT,CI,Yes,412
2.5,500,24.5,6.81,27.4,7,3075,150,Maize,SI,CT,NI,Yes,187
2.5,500,24.5,6.81,27.4,7,3075,150,Maize,SI,DT,NI,Yes,-17
