MAT,MAP,SOC,pH,Clay,Duration,C_input,N_input,Planting_system,Return,Tillage,Irrigation,Topdressing,N2O
9.6,487,7.7,8.2,23.0,2,6901,250,Maize,SI,CT,NI,No,0.443384
9.6,487,7.7,8.2,23.0,2,6901,250,Maize,SI,CT,NI,No,0.48309
9.6,487,7.7,8.2,23.0,2,7745,250,Maize,SI,CT,NI,No,0.800738
9.6,487,7.7,8.2,23.0,2,7745,250,Maize,SI,CT,NI,No,0.866914
11.0,500,10.8,7.8,24.0,4,3022,495,Wheat_maize,SI,CT,CI,Yes,0.08
11.0,500,10.8,7.8,24.0,4,3022,225,Maize,SI,CT,CI,Yes,-0.09
14.2,401,6.2,8.16,19.2,1,7193,200,Maize,SI,CT,OI,No,-0.0473
14.2,401,6.2,8.16,19.2,1,7193,200,Maize,SI,CT,OI,No,-0.1656
14.2,401,6.2,8.16,19.2,1,7193,200,Maize,SI,CT,OI,No,-0.1419
14.2,401,6.2,8.16,19.2,1,7193,200,Maize,SI,CT,OI,No,-0.3074
14.2,401,6.2,8.16,19.2,1,7193,200,Maize,SI,CT,OI,No,-0.1892
14.2,401,6.2,8.16,19.2,1,7193,200,Maize,SI,CT,OI,No,0.2129
8.4,481,8.8,7.8,19.5,1,3552,225,Maize,SI,CT,NI,No,-0.205
8.4,481,8.8,7.8,19.5,1,3552,225,Maize,SDB,NT,NI,No,-0.2331
12.5,563,7.7,7.8,25.8,2,2793,0,Wheat,SDB,NT,NI,No,0.03
12.5,563,7.7,7.8,25.8,2,2793,144,Wheat,SDB,NT,NI,Yes,0.06
12.5,563,7.7,7.8,25.8,2,2793,180,Wheat,SDB,NT,NI,Yes,0.11
12.5,563,7.7,7.8,25.8,2,2793,0,Wheat,SI,CT,NI,No,0.03
12.5,563,7.7,7.8,25.8,2,2793,144,Wheat,SI,CT,NI,Yes,0.01
12.5,563,7.7,7.8,25.8,2,2793,180,Wheat,SI,CT,NI,Yes,0.01
12.5,563,7.7,7.8,25.8,3,2793,0,Wheat,SDB,NT,NI,No,0.02
12.5,563,7.7,7.8,25.8,3,2793,144,Wheat,SDB,NT,NI,Yes,0.11
12.5,563,7.7,7.8,25.8,3,2793,180,Wheat,SDB,NT,NI,Yes,0.26
12.5,563,7.7,7.8,25.8,3,2793,0,Wheat,SI,CT,NI,No,0.0
12.5,563,7.7,7.8,25.8,3,2793,144,Wheat,SI,CT,NI,Yes,-0.06
12.5,563,7.7,7.8,25.8,3,2793,180,Wheat,SI,CT,NI,Yes,-0.04
12.9,660,7.7,8.26,24.0,2,2394,225,Wheat_maize,SI,CT,CI,No,1.01
12.9,660,7.7,8.26,24.0,2,2394,225,Wheat_maize,SI,CT,CI,No,-0.18
12.9,660,7.7,8.26,24.0,2,1915,158,Wheat_maize,SI,CT,CI,No,0.28
12.9,660,7.7,8.26,24.0,2,1915,158,Wheat_maize,SI,CT,CI,No,0.01
12.7,594,7.2,8.0,21.0,1,4898,113,Wheat,SI,CT,NI,No,0.42
12.7,594,7.2,8.0,21.0,1,1290,113,Wheat,SM,NT,NI,No,0.01
12.7,594,7.2,8.0,21.0,2,2216,113,Wheat,SI,CT,NI,No,0.12
12.7,594,7.2,8.0,21.0,2,6605,113,Wheat,SM,NT,NI,No,-0.04
15.7,447,13.8,8.0,21.9,2,3276,243,Wheat,SI,CT,CI,Yes,-0.097368421
12.6,606,17.8,7.77,23.3,2,3232,234,Maize,SI,CT,CI,Yes,0.07
8.3,956,6.5,7.1,19.3,2,5175,250,Maize,SI,CT,NI,Yes,0.01
8.3,956,6.5,7.1,19.3,2,4888,250,Maize,SI,CT,NI,Yes,0.15
8.3,956,6.5,7.1,19.3,2,4855,250,Maize,SI,CT,NI,Yes,0.05
9.4,574,22.7,7.1,19.3,2,3330,210,Maize,SI,CT,NI,Yes,0.24
10.1,817,4.7,7.23,18.2,2,2309,180,Maize,SI,CT,NI,Yes,0.35
12.9,550,8.8,7.8,24.0,1,3000,345,Wheat_maize,SI,CT,CI,Yes,-0.03811
12.9,550,8.8,7.8,24.0,1,3000,165,Wheat,SI,CT,CI,Yes,0.6793
12.9,550,8.8,7.8,24.0,2,3000,165,Maize,SI,CT,CI,Yes,0.1589
12.9,550,8.8,7.8,24.0,3,3000,345,Wheat_maize,SI,CT,CI,Yes,0.6605
12.9,550,8.8,7.8,24.0,3,3000,165,Wheat,SI,CT,CI,Yes,0.6096
3.9,700,11.4,6.75,23.0,2,2801,240,Maize,SI,CT,NI,No,-0.21
12.0,555,8.3,8.1,25.3,2,4908,197,Maize,SI,CT,CI,Yes,0.19
12.3,555,8.9,8.1,17.8,2,3791,171,Maize,SI,CT,CI,Yes,0.44
12.3,555,8.9,8.1,17.8,2,3791,168,Maize,SI,CT,CI,Yes,0.46
8.1,430,7.8,8.4,20.8,4,4280,300,Maize,SDB,DT,NI,Yes,0.03
8.1,430,7.8,8.4,20.8,4,4220,300,Maize,SI,DT,NI,Yes,0.03
8.1,430,7.8,8.4,20.8,5,4350,300,Maize,SDB,DT,NI,Yes,0.36
8.1,430,7.8,8.4,20.8,5,4200,300,Maize,SI,DT,NI,Yes,0.67
12.5,558,10.1,4.6,23.9,6,5000,690,Wheat_maize,SM,NT,CI,Yes,0.93
12.5,558,10.1,4.6,23.9,6,5000,690,Wheat_maize,SI,CT,CI,Yes,0.63
12.5,558,10.1,4.6,23.9,7,5000,450,Wheat_maize,SI,CT,CI,Yes,0.38
12.5,558,10.1,4.6,23.9,7,5000,690,Wheat_maize,SI,CT,CI,Yes,1.04
12.5,558,10.1,4.6,23.9,6,5000,225,Maize,SI,CT,CI,Yes,-0.09
12.5,558,10.1,4.6,23.9,6,5000,345,Maize,SM,NT,CI,Yes,0.36
12.5,558,10.1,4.6,23.9,6,5000,345,Maize,SI,CT,CI,Yes,1.1
12.5,558,10.1,4.6,23.9,7,5000,225,Maize,SI,CT,CI,Yes,0.1
12.5,558,10.1,4.6,23.9,7,5000,345,Maize,SM,NT,CI,Yes,0.89
12.5,558,10.1,4.6,23.9,7,5000,345,Maize,SI,CT,CI,Yes,0.31
12.5,587,10.0,6.93,12.9,6,3322,0,Wheat_maize,SM,NT,CI,No,0.5
12.5,587,10.0,6.93,12.9,6,5246,0,Wheat_maize,SI,CT,CI,No,0.5
12.5,587,10.0,6.93,12.9,6,8128,225,Wheat_maize,SI,CT,CI,Yes,0.2
12.5,587,10.0,6.93,12.9,6,7932,345,Wheat_maize,SM,NT,CI,Yes,0.0
12.5,587,10.0,6.93,12.9,6,4882,345,Wheat_maize,SI,CT,CI,Yes,-0.3
12.5,587,10.0,6.93,12.9,6,3322,0,Wheat,SM,NT,CI,No,0.1
12.5,587,10.0,6.93,12.9,6,5246,0,Wheat,SI,CT,CI,No,0.2
12.5,587,10.0,6.93,12.9,6,7899,113,Wheat,SM,NT,CI,Yes,-0.2
12.5,587,10.0,6.93,12.9,6,8128,113,Wheat,SI,CT,CI,Yes,-0.3
12.5,587,10.0,6.93,12.9,6,7932,173,Wheat,SM,NT,CI,Yes,0.2
12.5,587,10.0,6.93,12.9,6,4882,173,Wheat,SI,CT,CI,Yes,-0.3
13.4,584,10.0,7.7,38.0,5,6627,690,Wheat_maize,SM,NT,CI,Yes,0.9
13.4,584,10.0,7.7,38.0,5,7784,690,Wheat_maize,SI,CT,CI,Yes,0.64
13.4,584,10.0,7.7,38.0,5,6627,345,Maize,SM,NT,CI,Yes,0.35
13.4,584,10.0,7.7,38.0,5,7784,345,Maize,SI,CT,CI,Yes,1.1
13.4,584,10.0,7.7,38.0,6,8305,450,Wheat_maize,SI,CT,CI,Yes,0.4
13.4,584,10.0,7.7,38.0,6,5242,690,Wheat_maize,SI,CT,CI,Yes,1.01
13.4,584,10.0,7.7,38.0,6,8305,225,Maize,SI,CT,CI,Yes,0.1
13.4,584,10.0,7.7,38.0,6,8073,345,Maize,SM,NT,CI,Yes,0.88
13.4,584,10.0,7.7,38.0,6,5242,345,Maize,SI,CT,CI,Yes,0.32
6.2,477,11.1,7.23,22.9,2,3552,180,Maize,SI,CT,NI,Yes,0.41
6.2,477,11.1,7.23,22.9,2,3552,180,Maize,SI,DT,NI,Yes,0.017
6.2,477,11.1,7.23,22.9,3,3552,180,Maize,SI,CT,NI,Yes,0.534
6.2,477,11.1,7.23,22.9,3,3552,180,Maize,SI,DT,NI,Yes,0.67
12.9,550,6.5,7.82,24.0,2,4301,180,Maize,SI,CT,CI,Yes,-0.07
10.0,506,8.1,6.5,9.0,1,2664,283,Wheat,SI,DT,CI,Yes,0.4593
10.0,506,8.1,6.5,9.0,1,2664,283,Wheat,SI,CT,CI,Yes,0.8474
12.5,558,10.1,4.6,23.9,2,3840,0,Wheat_maize,SI,CT,CI,No,0.097403
12.5,558,10.1,4.6,23.9,2,3840,500,Wheat_maize,SI,CT,CI,Yes,0.19481
12.5,558,10.1,4.6,23.9,2,3440,0,Maize,SI,CT,CI,No,-0.01948
12.5,558,10.1,4.6,23.9,2,3440,250,Maize,SI,CT,CI,Yes,0.20942
13.0,583,7.1,8.4,21.0,2,5178,550,Wheat_maize,SI,CT,CI,Yes,1.458
13.0,583,7.1,8.4,21.0,2,4749,550,Wheat_maize,SM,NT,CI,Yes,0.82
13.0,583,7.1,8.4,21.0,2,3934,550,Wheat_maize,SI,CT,CI,Yes,1.11
13.0,583,7.1,8.4,21.0,2,3520,550,Wheat_maize,SM,NT,CI,Yes,1.62
13.0,583,7.1,8.4,21.0,2,4133,550,Wheat_maize,SI,CT,CI,Yes,1.61
15.3,1013,5.7,7.39,46.7,2,3600,210,Wheat,SI,CT,CI,Yes,0.35
12.2,537,6.3,6.5,22.9,3,6600,429,Wheat_maize,SM,NT,CI,Yes,-0.01
12.2,537,6.3,6.5,22.9,3,6600,429,Wheat_maize,SI,CT,CI,Yes,0.25
12.2,537,6.3,6.5,22.9,3,6600,429,Wheat_maize,SI,CT,CI,Yes,1.58
12.2,537,6.3,6.5,22.9,3,6600,227,Maize,SM,NT,CI,Yes,-0.25
12.2,537,6.3,6.5,22.9,3,6600,227,Maize,SM,NT,CI,Yes,-0.06
12.2,537,6.3,6.5,22.9,3,6600,227,Maize,SI,CT,CI,Yes,-0.18
12.2,537,6.3,6.5,22.9,3,6600,227,Maize,SI,CT,CI,Yes,0.61
8.7,610,22.7,7.1,19.3,2,3330,210,Maize,SI,CT,NI,Yes,0.24
8.7,610,22.7,7.1,19.3,2,3330,210,Maize,SI,CT,NI,Yes,0.23
8.7,610,22.7,7.1,19.3,2,3330,210,Maize,SI,CT,NI,Yes,0.16
8.7,610,22.7,7.1,19.3,2,3330,210,Maize,SI,CT,NI,Yes,0.18
7.2,180,11.0,7.78,21.3,1,5985,338,Wheat_maize,SM,NT,CI,Yes,-0.102
7.2,180,11.0,7.78,21.3,1,5619,338,Wheat_maize,SM,NT,CI,Yes,-0.178
7.2,180,11.0,7.78,21.3,1,5446,338,Wheat_maize,SI,CT,CI,Yes,-0.037
7.2,180,11.0,7.78,21.3,1,5985,225,Maize,SM,NT,CI,Yes,-0.153
7.2,180,11.0,7.78,21.3,1,5619,225,Maize,SM,NT,CI,Yes,-0.13
7.2,180,11.0,7.78,21.3,1,5446,225,Maize,SI,CT,CI,Yes,-0.019
7.2,180,11.0,7.78,21.3,2,5985,338,Wheat_maize,SM,NT,CI,Yes,-0.141
7.2,180,11.0,7.78,21.3,2,5619,338,Wheat_maize,SM,NT,CI,Yes,-0.226
7.2,180,11.0,7.78,21.3,2,5446,338,Wheat_maize,SI,CT,CI,Yes,-0.062
7.2,180,11.0,7.78,21.3,2,5985,225,Maize,SM,NT,CI,Yes,-0.178
7.2,180,11.0,7.78,21.3,2,5619,225,Maize,SM,NT,CI,Yes,-0.157
7.2,180,11.0,7.78,21.3,2,5446,225,Maize,SI,CT,CI,Yes,-0.027
7.2,180,11.0,7.78,21.3,3,5985,338,Wheat_maize,SM,NT,CI,Yes,-0.159
7.2,180,11.0,7.78,21.3,3,5619,338,Wheat_maize,SM,NT,CI,Yes,-0.255
7.2,180,11.0,7.78,21.3,3,5446,338,Wheat_maize,SI,CT,CI,Yes,-0.066
7.2,180,11.0,7.78,21.3,3,5985,225,Maize,SM,NT,CI,Yes,-0.226
7.2,180,11.0,7.78,21.3,3,5619,225,Maize,SM,NT,CI,Yes,-0.187
7.2,180,11.0,7.78,21.3,3,5446,225,Maize,SI,CT,CI,Yes,-0.036
7.2,180,11.0,7.78,21.3,4,5985,338,Wheat_maize,SM,NT,CI,Yes,-0.167
7.2,180,11.0,7.78,21.3,4,5619,338,Wheat_maize,SM,NT,CI,Yes,-0.259
7.2,180,11.0,7.78,21.3,4,5446,338,Wheat_maize,SI,CT,CI,Yes,-0.099
7.2,180,11.0,7.78,21.3,4,5985,225,Maize,SM,NT,CI,Yes,-0.197
7.2,180,11.0,7.78,21.3,4,5619,225,Maize,SM,NT,CI,Yes,-0.174
7.2,180,11.0,7.78,21.3,4,5446,225,Maize,SI,CT,CI,Yes,-0.037
6.4,385,5.8,8.4,20.3,1,1496,54,Wheat,SI,CT,NI,No,0.604
6.4,385,5.8,8.4,20.3,1,1496,54,Wheat,SM,NT,NI,No,0.163
15.1,543,11.5,8.04,17.9,1,7500,410,Wheat_maize,SI,CT,OI,Yes,-0.03438072
14.0,656,13.1,8.32,25.4,2,3997,179,Wheat,SI,CT,CI,Yes,0.468
14.0,656,13.1,8.32,25.4,2,3914,179,Wheat,SI,CT,CI,Yes,0.347
14.0,656,13.1,8.32,25.4,2,3987,179,Wheat,SM,NT,CI,Yes,-0.169
8.4,572,12.6,6.38,24.9,9,3330,240,Maize,SM,NT,NI,No,1.11
14.4,566,5.5,8.67,14.9,1,4717,240,Wheat,SI,CT,CI,Yes,0.06949
14.4,566,5.5,8.67,14.9,1,4802,240,Wheat,SI,DT,CI,Yes,0.04484
14.4,566,5.5,8.67,14.9,2,3265,240,Wheat,SI,CT,CI,Yes,0.1293
14.4,566,5.5,8.67,14.9,2,3436,240,Wheat,SI,DT,CI,Yes,0.0698
12.9,519,8.7,8.8,19.3,2,5106,165,Wheat,SI,CT,CI,Yes,0.2
