MAT,MAP,SOC,pH,Clay,Duration,C_input,N_input,Planting_system,Return,Tillage,Irrigation,Topdressing,yield
27.8,1200,7.6,6.2,17.8,1,1620,0,Maize,SM,NT,NI,No,342
27.8,1200,7.6,6.2,17.8,1,1570,0,Maize,SI,CT,NI,No,203
27.8,1200,7.6,6.2,17.8,1,1680,0,Maize,SI,CT,NI,No,506
27.8,1200,7.6,6.2,17.8,1,1707,0,Maize,SI,CT,NI,No,582
27.8,1200,7.6,6.2,17.8,2,1765,0,Maize,SM,NT,NI,No,408
27.8,1200,7.6,6.2,17.8,2,1874,0,Maize,SI,CT,NI,No,711
27.8,1200,7.6,6.2,17.8,2,1672,0,Maize,SI,CT,NI,No,150
27.8,1200,7.6,6.2,17.8,2,1819,0,Maize,SI,CT,NI,No,557
15.9,1050,14.7,4.85,58.0,1,430,150,Wheat,SM,NT,NI,No,110
15.9,1050,14.7,4.85,58.0,1,430,150,Wheat,SM,NT,NI,No,200
15.9,1050,14.7,4.85,58.0,1,860,150,Wheat,SM,NT,NI,No,330
15.9,1050,14.7,4.85,58.0,1,430,150,Wheat,SI,CT,NI,No,550
15.9,1050,14.7,4.85,58.0,1,860,150,Wheat,SI,CT,NI,No,740
15.9,1050,14.7,4.85,58.0,2,430,150,Wheat,SM,NT,NI,No,-40
15.9,1050,14.7,4.85,58.0,2,860,150,Wheat,SM,NT,NI,No,150
15.9,1050,14.7,4.85,58.0,2,430,150,Wheat,SM,NT,NI,No,80
15.9,1050,14.7,4.85,58.0,2,430,150,Wheat,SI,CT,NI,No,50
15.9,1050,14.7,4.85,58.0,2,860,150,Wheat,SI,CT,NI,No,80
15.9,1050,14.7,4.85,58.0,3,430,150,Wheat,SM,NT,NI,No,30
15.9,1050,14.7,4.85,58.0,3,860,150,Wheat,SM,NT,NI,No,270
15.9,1050,14.7,4.85,58.0,3,430,150,Wheat,SM,NT,NI,No,210
15.9,1050,14.7,4.85,58.0,3,430,150,Wheat,SI,CT,NI,No,20
15.9,1050,14.7,4.85,58.0,3,860,150,Wheat,SI,CT,NI,No,210
21.2,476,9.0,7.9,23.0,2,1189,40,Wheat,SI,CT,CI,Yes,190
21.2,476,9.0,7.9,23.0,2,1284,40,Wheat,SI,DT,CI,Yes,326
9.6,487,7.7,8.2,23.0,2,6901,250,Maize,SI,CT,NI,No,-550
9.6,487,7.7,8.2,23.0,2,6901,250,Maize,SI,CT,NI,No,450
9.6,487,7.7,8.2,23.0,2,7745,250,Maize,SI,CT,NI,No,-600
14.8,420,7.5,7.9,55.0,10,2531,0,Wheat,SI,CT,NI,No,-240
14.8,420,7.5,7.9,55.0,10,755,0,Wheat,SI,CT,NI,No,290
14.8,420,7.5,7.9,55.0,10,1857,0,Wheat,SI,CT,NI,No,390
14.8,420,7.5,7.9,55.0,10,1472,0,Wheat,SI,CT,NI,No,10
14.8,420,7.5,7.9,55.0,10,1933,0,Wheat,SI,CT,NI,No,-350
14.8,420,7.5,7.9,55.0,10,1622,0,Wheat,SI,CT,NI,No,-390
14.8,420,7.5,7.9,55.0,10,1989,0,Wheat,SI,CT,NI,No,240
14.8,420,7.5,7.9,55.0,10,1669,0,Wheat,SI,CT,NI,No,80
14.8,420,7.5,7.9,55.0,10,1908,60,Wheat,SI,CT,NI,Yes,-60
14.8,420,7.5,7.9,55.0,10,1562,20,Wheat,SI,CT,NI,Yes,130
14.8,420,7.5,7.9,55.0,10,2262,40,Wheat,SI,CT,NI,Yes,130
14.8,420,7.5,7.9,55.0,10,1793,40,Wheat,SI,CT,NI,Yes,10
14.8,420,7.5,7.9,55.0,10,1771,40,Wheat,SI,CT,NI,Yes,-190
14.8,420,7.5,7.9,55.0,10,2143,40,Wheat,SI,CT,NI,Yes,300
14.8,420,7.5,7.9,55.0,10,1630,20,Wheat,SI,CT,NI,Yes,660
6.2,750,11.0,7.4,25.3,5,3330,120,Maize,SI,CT,NI,No,722
16.1,554,12.3,7.4,20.5,19,1771,150,Wheat,SM,NT,NI,Yes,-100
16.1,554,12.3,7.4,20.5,19,1686,150,Wheat,SI,CT,NI,Yes,-200
16.8,535,3.9,7.6,11.0,5,1985,150,Wheat,SM,NT,NI,Yes,0
16.8,535,3.9,7.6,11.0,5,2027,150,Wheat,SI,CT,NI,Yes,-100
10.1,732,6.9,7.03,25.3,3,1737,180,Maize,SI,CT,NI,Yes,50
11.0,500,10.8,7.8,24.0,4,3022,495,Wheat_maize,SI,CT,CI,Yes,1075
13.4,482,0.9,6.5,22.9,18,3683,260,Wheat_maize,SI,CT,CI,Yes,400
13.4,482,0.9,6.5,22.9,18,3683,260,Wheat_maize,SI,CT,CI,Yes,400
6.2,600,8.0,6.0,25.3,6,1332,0,Maize,SI,CT,NI,No,266
6.2,600,8.0,6.0,25.3,6,2664,0,Maize,SI,CT,NI,No,426
6.2,600,8.0,6.0,25.3,6,3996,0,Maize,SI,CT,NI,No,692
6.2,600,8.0,6.0,25.3,6,5328,0,Maize,SI,CT,NI,No,579
6.2,600,8.0,6.0,25.3,6,1332,0,Maize,SI,CT,NI,No,266
6.2,600,8.0,6.0,25.3,6,2664,0,Maize,SI,CT,NI,No,426
6.2,600,8.0,6.0,25.3,6,3996,0,Maize,SI,CT,NI,No,692
6.2,600,8.0,6.0,25.3,6,5328,0,Maize,SI,CT,NI,No,579
6.9,385,16.3,8.0,21.9,1,6038,176,Maize,SI,CT,OI,Yes,772
6.9,385,16.3,8.0,21.9,1,6038,176,Maize,SI,CT,OI,Yes,732
6.9,385,16.3,8.0,21.9,1,6038,176,Maize,SI,CT,CI,Yes,1708
6.9,385,16.3,8.0,21.9,2,6038,176,Maize,SI,CT,OI,Yes,894
6.9,385,16.3,8.0,21.9,2,6038,176,Maize,SI,CT,OI,Yes,1017
6.9,385,16.3,8.0,21.9,2,6038,176,Maize,SI,CT,CI,Yes,1382
13.4,510,7.5,7.76,21.7,2,5328,508,Wheat_maize,SI,DT,CI,Yes,500
13.4,510,7.5,7.76,21.7,2,5328,508,Wheat_maize,SI,DT,CI,Yes,370
13.4,510,7.5,7.76,21.7,3,5328,508,Wheat_maize,SI,DT,CI,Yes,770
13.4,510,7.5,7.76,21.7,3,5328,508,Wheat_maize,SI,DT,CI,Yes,690
13.4,510,8.0,7.93,10.6,1,7340,378,Wheat_maize,SDB,CT,CI,Yes,260
13.4,510,8.0,7.93,10.6,1,7479,378,Wheat_maize,SDB,CT,CI,Yes,600
13.4,510,8.0,7.93,10.6,1,7351,378,Wheat_maize,SDB,CT,CI,Yes,270
13.4,510,8.0,7.93,10.6,2,7533,378,Wheat_maize,SDB,CT,CI,Yes,650
13.4,510,8.0,7.93,10.6,2,7789,378,Wheat_maize,SDB,CT,CI,Yes,1310
13.4,510,8.0,7.93,10.6,2,7839,378,Wheat_maize,SDB,CT,CI,Yes,1440
13.4,510,8.0,7.93,10.6,3,7197,378,Wheat_maize,SDB,CT,CI,Yes,290
13.4,510,8.0,7.93,10.6,3,7419,378,Wheat_maize,SDB,CT,CI,Yes,840
13.4,510,8.0,7.93,10.6,3,7470,378,Wheat_maize,SDB,CT,CI,Yes,960
9.0,571,7.1,7.8,27.4,4,5994,0,Maize,SI,DT,NI,No,1208
9.0,571,7.1,7.8,27.4,4,3996,0,Maize,SI,DT,NI,No,763
8.5,1213,3.2,6.6,9.6,11,3480,180,Maize,SM,NT,NI,Yes,-600
8.5,1213,3.2,6.6,9.6,11,3516,180,Maize,SM,NT,NI,Yes,-500
8.5,1213,3.2,6.6,9.6,11,3660,180,Maize,SI,CT,NI,Yes,0
15.0,535,7.8,8.47,25.3,3,2993,500,Wheat_maize,SI,CT,CI,Yes,1324
15.0,535,7.8,8.47,25.3,3,5985,500,Wheat_maize,SI,CT,CI,Yes,2117
15.0,535,7.8,8.47,25.3,3,8978,500,Wheat_maize,SI,CT,CI,Yes,1944
5.0,332,12.7,7.8,25.3,2,4218,165,Maize,SI,CT,NI,No,310
5.0,332,12.7,7.8,25.3,2,4218,165,Maize,SM,CT,NI,No,336
5.0,332,12.7,7.8,25.3,2,4218,165,Maize,SI,CT,NI,No,826
18.6,284,9.5,6.5,20.0,1,1418,150,Wheat,SM,NT,NI,No,48
18.6,284,9.5,6.5,20.0,1,1315,150,Wheat,SM,NT,NI,No,264
18.6,284,9.5,6.5,20.0,1,1327,150,Wheat,SM,NT,NI,No,215
18.6,284,9.5,6.5,20.0,3,1309,150,Wheat,SM,NT,NI,No,-110
18.6,284,9.5,6.5,20.0,3,1327,150,Wheat,SM,NT,NI,No,-175
18.6,284,9.5,6.5,20.0,1,1356,150,Wheat,SM,NT,NI,No,137
18.6,284,9.5,6.5,20.0,1,1284,150,Wheat,SM,NT,NI,No,388
18.6,284,9.5,6.5,20.0,1,1169,150,Wheat,SM,NT,NI,No,-95
18.6,284,9.5,6.5,20.0,2,1500,150,Wheat,SM,NT,NI,No,-218
18.6,284,9.5,6.5,20.0,2,1596,150,Wheat,SM,NT,NI,No,-286
18.6,284,9.5,6.5,20.0,5,1275,150,Wheat,SM,NT,NI,No,-41
18.6,284,9.5,6.5,20.0,5,1334,150,Wheat,SM,NT,NI,No,-27
6.0,350,5.2,8.0,25.3,3,3996,10,Wheat,SI,CT,NI,No,1250
6.0,350,5.2,8.0,25.3,3,1998,10,Wheat,SI,CT,NI,No,183
6.0,350,5.4,8.0,25.3,3,3996,10,Wheat,SI,CT,NI,No,1250
6.0,350,5.4,8.0,25.3,3,1998,10,Wheat,SI,CT,NI,No,183
15.0,596,9.1,6.5,25.3,1,7729,420,Wheat_maize,SI,CT,CI,Yes,234
15.0,596,9.1,6.5,25.3,1,3880,420,Wheat_maize,SI,CT,CI,Yes,509
15.0,596,9.1,6.5,25.3,2,3880,420,Wheat_maize,SI,CT,CI,Yes,1062
15.0,596,9.1,6.5,25.3,3,7729,420,Wheat_maize,SI,CT,CI,Yes,1442
15.0,596,9.1,6.5,25.3,3,3880,420,Wheat_maize,SI,CT,CI,Yes,990
6.8,198,9.1,8.01,25.3,2,1197,270,Wheat,SI,CT,OI,Yes,1005
6.8,198,9.1,8.01,25.3,2,2394,270,Wheat,SI,CT,OI,Yes,159
6.8,198,9.1,8.01,25.3,2,2394,270,Wheat,SI,CT,OI,Yes,653
6.8,198,9.1,8.01,25.3,2,2394,270,Wheat,SI,CT,OI,Yes,-388
11.6,607,11.0,8.1,25.3,12,3022,495,Wheat_maize,SI,CT,CI,Yes,1232
11.6,607,11.0,8.1,25.3,34,3022,495,Wheat_maize,SI,CT,CI,Yes,1854
8.6,699,8.5,6.4,25.3,3,4662,80,Maize,SI,CT,NI,Yes,134
7.3,200,4.5,7.43,22.4,1,7806,338,Wheat_maize,SM,NT,CI,Yes,1936
7.3,200,4.5,7.43,22.4,1,7094,338,Wheat_maize,SM,NT,CI,Yes,1928
7.3,200,4.5,7.43,22.4,1,6124,338,Wheat_maize,SI,CT,CI,Yes,2008
7.3,200,4.5,7.43,22.4,1,3322,225,Wheat,SM,NT,CI,Yes,1154
7.3,200,4.5,7.43,22.4,1,3394,225,Wheat,SM,NT,CI,Yes,1322
7.3,200,4.5,7.43,22.4,1,3093,225,Wheat,SI,CT,CI,Yes,617
7.3,200,4.5,7.43,22.4,2,7587,338,Wheat_maize,SM,NT,CI,Yes,218
7.3,200,4.5,7.43,22.4,2,7001,338,Wheat_maize,SM,NT,CI,Yes,435
7.3,200,4.5,7.43,22.4,2,5943,338,Wheat_maize,SI,CT,CI,Yes,1870
7.3,200,4.5,7.43,22.4,2,3217,225,Wheat,SM,NT,CI,Yes,1087
7.3,200,4.5,7.43,22.4,2,3236,225,Wheat,SM,NT,CI,Yes,1130
7.3,200,4.5,7.43,22.4,2,3032,225,Wheat,SI,CT,CI,Yes,652
7.3,200,4.5,7.43,22.4,3,8174,338,Wheat_maize,SM,NT,CI,Yes,1746
7.3,200,4.5,7.43,22.4,3,8299,338,Wheat_maize,SM,NT,CI,Yes,2314
7.3,200,4.5,7.43,22.4,3,8058,338,Wheat_maize,SI,CT,CI,Yes,1878
7.3,200,4.5,7.43,22.4,3,3547,225,Wheat,SM,NT,CI,Yes,1572
7.3,200,4.5,7.43,22.4,3,3622,225,Wheat,SM,NT,CI,Yes,1747
7.3,200,4.5,7.43,22.4,3,3379,225,Wheat,SI,CT,CI,Yes,1179
14.0,552,9.2,8.0,25.3,1,2713,510,Wheat_maize,SI,CT,CI,Yes,1000
14.0,552,9.2,8.0,25.3,1,2713,510,Wheat_maize,SI,DT,CI,Yes,800
14.0,552,9.2,8.0,25.3,1,2713,510,Wheat_maize,SI,DT,CI,Yes,1400
14.0,552,9.2,8.0,25.3,2,2713,510,Wheat_maize,SI,CT,CI,Yes,900
14.0,552,9.2,8.0,25.3,2,2713,510,Wheat_maize,SI,DT,CI,Yes,1600
14.0,552,9.2,8.0,25.3,2,2713,510,Wheat_maize,SI,DT,CI,Yes,2400
7.3,360,3.4,7.1,21.4,3,8999,270,Maize,SI,DT,OI,No,665
7.3,360,2.9,7.1,21.4,3,8999,270,Maize,SI,DT,OI,No,665
8.6,260,8.1,8.0,18.7,1,3951,0,Maize,SI,DT,OI,No,580
8.6,260,8.1,8.0,18.7,1,3951,225,Maize,SI,DT,OI,Yes,780
8.6,260,8.1,8.0,18.7,1,3951,300,Maize,SI,DT,OI,Yes,440
8.6,260,8.1,8.0,18.7,1,3951,375,Maize,SI,DT,OI,Yes,1120
8.6,260,8.1,8.0,18.7,2,3951,0,Maize,SI,DT,OI,No,590
8.6,260,8.1,8.0,18.7,2,3951,225,Maize,SI,DT,OI,Yes,680
8.6,260,8.1,8.0,18.7,2,3951,300,Maize,SI,DT,OI,Yes,670
8.6,260,8.1,8.0,18.7,2,3951,375,Maize,SI,DT,OI,Yes,940
8.6,260,8.1,8.0,18.7,3,3951,0,Maize,SI,DT,OI,No,1110
8.6,260,8.1,8.0,18.7,3,3951,225,Maize,SI,DT,OI,Yes,890
8.6,260,8.1,8.0,18.7,3,3951,300,Maize,SI,DT,OI,Yes,710
8.6,260,8.1,8.0,18.7,3,3951,375,Maize,SI,DT,OI,Yes,450
7.3,607,8.1,6.7,21.7,3,4802,156,Maize,SI,CT,NI,No,410
7.3,607,8.1,6.7,21.7,3,4747,156,Maize,SI,CT,NI,No,257
7.3,607,8.1,6.7,21.7,3,4828,156,Maize,SI,CT,NI,No,480
7.3,607,8.1,6.7,21.7,3,4802,156,Maize,SI,CT,NI,No,410
7.3,607,8.1,6.7,21.7,3,4747,156,Maize,SI,CT,NI,No,257
7.3,607,8.1,6.7,21.7,3,4828,156,Maize,SI,CT,NI,No,480
2.4,477,22.5,6.2,25.3,1,1665,250,Maize,SI,DT,NI,No,1395
2.4,477,22.5,6.2,25.3,1,1665,250,Maize,SI,DT,NI,No,1028
2.4,477,22.5,6.2,25.3,1,1665,250,Maize,SI,DT,NI,No,2422
2.4,477,22.5,6.2,25.3,1,1665,250,Maize,SI,DT,NI,No,1688
12.4,600,8.7,8.1,23.5,2,3568,400,Wheat_maize,SI,CT,CI,Yes,-265
12.9,550,9.9,7.44,32.0,2,2783,150,Wheat,SI,CT,NI,No,-180
10.5,147,10.9,8.52,19.0,1,1332,330,Maize,SI,DT,OI,Yes,719
10.5,147,10.9,8.52,19.0,1,2664,330,Maize,SI,DT,OI,Yes,721
10.5,147,10.9,8.52,19.0,1,2664,330,Maize,SI,DT,OI,Yes,462
10.5,147,10.9,8.52,19.0,2,1332,330,Maize,SI,DT,OI,Yes,116
10.5,147,10.9,8.52,19.0,2,2664,330,Maize,SI,DT,OI,Yes,1783
10.5,147,10.9,8.52,19.0,2,2664,330,Maize,SI,DT,OI,Yes,635
11.5,500,7.1,8.0,25.3,7,3885,0,Wheat_maize,SI,DT,CI,No,200
11.5,500,7.1,8.0,25.3,7,5994,560,Wheat_maize,SI,DT,CI,Yes,440
11.5,500,7.1,8.0,25.3,7,5328,251,Wheat_maize,SI,DT,CI,Yes,-250
11.5,500,7.1,8.0,25.3,7,6185,184,Wheat_maize,SI,DT,CI,Yes,1420
11.5,500,7.1,8.0,25.3,7,5932,269,Wheat_maize,SI,DT,CI,Yes,1980
15.9,358,5.2,7.9,11.0,3,1953,150,Wheat,SI,CT,NI,Yes,0
15.9,358,5.2,7.9,11.0,3,1435,150,Wheat,SI,CT,NI,Yes,500
15.9,358,5.2,7.9,11.0,3,2000,150,Wheat,SI,CT,NI,Yes,400
16.2,342,5.2,8.8,11.0,3,1435,150,Wheat,SI,CT,NI,Yes,-300
16.2,342,5.2,8.8,11.0,3,870,150,Wheat,SI,CT,NI,Yes,0
16.2,342,5.2,8.8,11.0,3,1529,150,Wheat,SI,CT,NI,Yes,-200
17.3,452,3.9,7.6,11.0,1,817,150,Wheat,SM,NT,NI,No,100
17.3,452,3.9,7.6,11.0,1,1591,150,Wheat,SM,NT,NI,No,200
17.3,452,3.9,7.6,11.0,2,1280,150,Wheat,SM,NT,NI,No,400
17.3,452,3.9,7.6,11.0,2,2560,150,Wheat,SM,NT,NI,No,400
17.3,452,3.9,7.6,11.0,3,1419,150,Wheat,SM,NT,NI,No,-110
17.3,452,3.9,7.6,11.0,3,2623,150,Wheat,SM,NT,NI,No,-180
24.3,360,4.8,8.1,27.0,1,2112,0,Maize,SM,CT,CI,No,200
24.3,360,4.8,8.1,27.0,1,2112,0,Maize,SM,NT,CI,No,200
24.3,360,4.8,8.1,27.0,1,2112,0,Maize,SM,CT,CI,No,-200
24.3,360,4.8,8.1,27.0,1,2112,0,Maize,SM,NT,CI,No,-100
24.3,360,4.8,8.1,27.0,2,2112,0,Maize,SM,CT,CI,No,400
24.3,360,4.8,8.1,27.0,2,2112,0,Maize,SM,NT,CI,No,300
24.3,360,4.8,8.1,27.0,2,2112,330,Maize,SM,CT,CI,Yes,-400
24.3,360,4.8,8.1,27.0,2,2112,0,Maize,SM,CT,CI,No,0
24.3,360,4.8,8.1,27.0,2,2112,330,Maize,SM,NT,CI,Yes,-600
24.3,360,4.8,8.1,27.0,3,2112,0,Maize,SM,CT,CI,No,600
24.3,360,4.8,8.1,27.0,3,2112,330,Maize,SM,NT,CI,Yes,-500
24.5,506,4.2,8.05,22.5,1,2675,250,Maize,SI,CT,CI,Yes,1000
24.5,506,4.2,8.05,22.5,2,2675,250,Maize,SI,CT,CI,Yes,1300
13.0,550,3.5,8.17,18.9,8,3796,362,Wheat_maize,SI,CT,CI,Yes,744
13.0,550,3.5,8.17,18.9,8,3796,362,Wheat_maize,SI,DT,CI,Yes,1152
13.0,550,3.5,8.17,18.9,8,3796,362,Wheat_maize,SM,NT,CI,Yes,396
7.5,520,12.8,6.3,25.3,6,1776,150,Maize,SI,CT,CI,Yes,1115
12.1,651,27.9,5.7,23.0,2,6665,150,Wheat,SM,NT,OI,No,330
5.8,577,10.3,5.29,29.2,2,4839,200,Maize,SI,CT,NI,Yes,398
5.8,577,10.3,5.29,29.2,2,5002,200,Maize,SI,CT,NI,Yes,810
6.7,438,6.7,7.95,15.3,1,6264,269,Maize,SI,DT,OI,Yes,40
6.7,438,6.7,7.95,15.3,1,5783,269,Maize,SI,DT,OI,Yes,310
6.7,438,6.7,7.95,15.3,1,5929,269,Maize,SI,DT,OI,Yes,350
12.5,563,7.7,7.8,25.8,1,2793,0,Wheat,SDB,NT,NI,No,-363
12.5,563,7.7,7.8,25.8,1,2793,144,Wheat,SDB,NT,NI,Yes,844
12.5,563,7.7,7.8,25.8,1,2793,180,Wheat,SDB,NT,NI,Yes,915
12.5,563,7.7,7.8,25.8,1,2793,144,Wheat,SI,CT,NI,Yes,99
12.5,563,7.7,7.8,25.8,1,2793,180,Wheat,SI,CT,NI,Yes,156
12.5,563,7.7,7.8,25.8,2,2793,0,Wheat,SDB,NT,NI,No,42
12.5,563,7.7,7.8,25.8,2,2793,144,Wheat,SDB,NT,NI,Yes,-280
12.5,563,7.7,7.8,25.8,2,2793,180,Wheat,SDB,NT,NI,Yes,-161
12.5,563,7.7,7.8,25.8,2,2793,0,Wheat,SI,CT,NI,No,645
12.5,563,7.7,7.8,25.8,2,2793,144,Wheat,SI,CT,NI,Yes,1062
12.5,563,7.7,7.8,25.8,2,2793,180,Wheat,SI,CT,NI,Yes,869
12.5,563,7.7,7.8,25.8,3,2793,0,Wheat,SDB,NT,NI,No,17
12.5,563,7.7,7.8,25.8,3,2793,144,Wheat,SDB,NT,NI,Yes,1438
12.5,563,7.7,7.8,25.8,3,2793,180,Wheat,SDB,NT,NI,Yes,2058
12.5,563,7.7,7.8,25.8,3,2793,0,Wheat,SI,CT,NI,No,874
12.5,563,7.7,7.8,25.8,3,2793,144,Wheat,SI,CT,NI,Yes,155
12.5,563,7.7,7.8,25.8,3,2793,180,Wheat,SI,CT,NI,Yes,851
11.0,449,1.3,8.27,21.9,2,2664,130,Maize,SI,CT,NI,No,834
11.0,449,1.3,8.27,21.9,2,2664,130,Maize,SM,NT,NI,No,678
11.0,449,1.3,8.27,21.9,2,2664,130,Maize,SI,CT,NI,No,888
11.0,449,1.3,8.27,21.9,2,2664,130,Maize,SM,NT,NI,No,375
8.9,450,7.1,7.8,21.9,1,5328,360,Maize,SM,NT,NI,No,811
8.9,450,7.1,7.8,21.9,1,5328,360,Maize,SI,DT,NI,No,2408
8.7,479,10.6,7.5,19.8,7,2664,240,Maize,SDB,NT,NI,No,1560
12.9,660,7.7,8.26,24.0,2,2394,225,Wheat_maize,SI,CT,CI,No,390
12.9,660,7.7,8.26,24.0,2,2394,225,Wheat_maize,SI,CT,CI,No,450
12.9,660,7.7,8.26,24.0,2,1915,158,Wheat_maize,SI,CT,CI,No,280
12.9,660,7.7,8.26,24.0,2,1915,158,Wheat_maize,SI,CT,CI,No,380
12.7,594,7.2,8.0,21.0,1,4898,113,Wheat,SI,CT,NI,No,57
12.7,594,7.2,8.0,21.0,2,2216,113,Wheat,SI,CT,NI,No,148
12.7,594,7.2,8.0,21.0,2,6605,113,Wheat,SM,NT,NI,No,854
4.0,567,15.7,5.71,27.4,6,1776,240,Maize,SI,CT,NI,Yes,410
4.0,567,15.7,5.71,27.4,6,1776,240,Maize,SI,CT,NI,Yes,653
13.5,504,26.9,7.8,26.1,5,2437,308,Wheat_maize,SI,CT,CI,Yes,1730
13.5,504,27.0,7.8,26.1,5,2946,308,Wheat_maize,SI,CT,CI,Yes,2040
12.9,527,11.3,8.2,26.1,6,2305,308,Wheat_maize,SI,CT,CI,Yes,1310
12.9,527,11.3,8.2,26.1,6,2256,308,Wheat_maize,SI,CT,CI,Yes,1392
12.9,527,11.3,8.2,26.1,6,2442,308,Wheat_maize,SI,CT,CI,Yes,1995
12.9,527,11.3,8.2,26.1,6,2504,308,Wheat_maize,SI,CT,CI,Yes,2205
12.5,527,11.3,7.8,18.9,2,3805,188,Wheat_maize,SI,CT,CI,Yes,1390
12.5,527,11.3,7.8,18.9,2,3996,188,Wheat_maize,SI,DT,CI,Yes,1380
12.5,527,11.3,7.8,18.9,2,2334,188,Wheat_maize,SI,CT,CI,Yes,1030
12.5,527,11.3,7.8,18.9,2,2410,188,Wheat_maize,SI,CT,CI,Yes,1510
12.5,527,11.3,7.8,18.9,3,3805,188,Wheat_maize,SI,CT,CI,Yes,1760
12.5,527,11.3,7.8,18.9,3,2334,188,Wheat_maize,SI,CT,CI,Yes,1810
12.5,527,11.3,7.8,18.9,4,3805,188,Wheat_maize,SI,CT,CI,Yes,420
12.5,527,11.3,7.8,18.9,4,3996,188,Wheat_maize,SI,DT,CI,Yes,1410
12.5,527,11.3,7.8,18.9,4,2334,188,Wheat_maize,SI,CT,CI,Yes,1130
12.5,527,11.3,7.8,18.9,4,2410,188,Wheat_maize,SI,CT,CI,Yes,2220
12.5,527,11.3,7.8,18.9,5,3805,188,Wheat_maize,SI,CT,CI,Yes,1990
12.5,527,11.3,7.8,18.9,5,3996,188,Wheat_maize,SI,DT,CI,Yes,2500
12.5,527,11.3,7.8,18.9,5,2334,188,Wheat_maize,SI,CT,CI,Yes,2020
12.5,527,11.3,7.8,18.9,5,2410,188,Wheat_maize,SI,CT,CI,Yes,1760
12.5,527,11.3,7.8,18.9,6,3805,188,Wheat_maize,SI,CT,CI,Yes,1530
12.5,527,11.3,7.8,18.9,6,3996,188,Wheat_maize,SI,DT,CI,Yes,2200
12.5,527,11.3,7.8,18.9,6,2334,188,Wheat_maize,SI,CT,CI,Yes,450
12.5,527,11.3,7.8,18.9,6,6839,188,Wheat_maize,SI,CT,CI,Yes,2050
12.5,527,11.3,7.8,18.9,6,2410,188,Wheat_maize,SI,CT,CI,Yes,580
12.5,527,11.3,7.8,18.9,6,7209,188,Wheat_maize,SI,CT,CI,Yes,2420
12.5,527,11.3,7.8,18.9,7,3805,188,Wheat_maize,SI,CT,CI,Yes,2340
12.5,527,11.3,7.8,18.9,7,2334,188,Wheat_maize,SI,CT,CI,Yes,1660
12.5,527,11.3,7.8,18.9,7,6839,188,Wheat_maize,SI,CT,CI,Yes,2540
12.5,527,11.3,7.8,18.9,7,2410,188,Wheat_maize,SI,CT,CI,Yes,2490
12.5,527,11.3,7.8,18.9,8,2334,188,Wheat_maize,SI,CT,CI,Yes,1500
10.0,600,12.9,5.14,27.4,2,5047,241,Maize,SI,CT,NI,Yes,108
10.0,600,12.9,5.14,27.4,2,5173,241,Maize,SI,CT,NI,Yes,256
10.0,600,12.9,5.14,27.4,2,5183,241,Maize,SI,CT,NI,Yes,36
10.0,600,12.9,5.14,27.4,2,5244,241,Maize,SI,CT,NI,Yes,649
10.0,600,12.9,5.14,27.4,2,5291,241,Maize,SI,CT,NI,Yes,581
10.0,600,12.9,5.14,27.4,2,5388,241,Maize,SI,CT,NI,Yes,600
9.1,588,8.3,8.0,23.0,3,1925,135,Wheat,SI,CT,NI,No,259
3.0,270,5.5,8.0,25.3,7,599,52,Wheat,SI,CT,NI,No,294
3.0,270,5.5,8.0,25.3,7,1197,52,Wheat,SI,CT,NI,No,388
3.0,270,5.5,8.0,25.3,7,599,52,Wheat,SI,CT,NI,No,293
13.9,615,4.6,8.57,11.1,7,7436,420,Wheat_maize,SI,CT,CI,Yes,323
13.9,615,4.6,8.57,11.1,7,7864,420,Wheat_maize,SDB,CT,CI,Yes,1397
13.9,615,4.6,8.57,11.1,8,8083,420,Wheat_maize,SI,CT,CI,Yes,420
13.9,615,4.6,8.57,11.1,8,8006,420,Wheat_maize,SDB,CT,CI,Yes,268
13.9,615,4.6,8.57,11.1,9,7385,420,Wheat_maize,SI,CT,CI,Yes,2001
13.9,615,4.6,8.57,11.1,9,7104,420,Wheat_maize,SDB,CT,CI,Yes,1282
13.9,615,4.6,8.57,11.1,10,8178,420,Wheat_maize,SI,CT,CI,Yes,439
13.9,615,4.6,8.57,11.1,10,8366,420,Wheat_maize,SDB,CT,CI,Yes,915
13.9,615,4.6,8.57,11.1,11,7213,420,Wheat_maize,SI,CT,CI,Yes,1181
13.9,615,4.6,8.57,11.1,11,6975,420,Wheat_maize,SDB,CT,CI,Yes,518
9.1,575,6.8,8.0,23.0,4,7474,225,Maize,SDB,NT,NI,No,694
25.7,383,4.1,6.0,4.0,8,2797,200,Wheat,SI,CT,CI,Yes,-209
8.3,956,6.5,7.1,19.3,2,5175,250,Maize,SI,CT,NI,Yes,-37
8.3,956,6.5,7.1,19.3,2,4888,250,Maize,SI,CT,NI,Yes,877
8.3,956,6.5,7.1,19.3,2,4855,250,Maize,SI,CT,NI,Yes,41
9.4,574,22.7,7.1,19.3,2,3330,210,Maize,SI,CT,NI,Yes,193
17.7,1820,21.3,5.5,18.9,3,3452,180,Wheat_maize,SI,CT,CI,Yes,1170
12.9,637,14.3,8.0,26.1,3,1998,0,Wheat_maize,SI,CT,CI,No,390
12.9,637,14.3,8.0,26.1,3,1998,0,Wheat_maize,SI,CT,CI,No,505
12.9,637,14.3,8.0,26.1,3,1998,410,Wheat_maize,SI,CT,CI,Yes,702
12.9,637,14.3,8.0,26.1,3,1998,410,Wheat_maize,SI,CT,CI,Yes,791
12.9,637,14.3,8.0,26.1,3,3996,0,Wheat_maize,SI,CT,CI,No,830
12.9,637,14.3,8.0,26.1,3,3996,0,Wheat_maize,SI,CT,CI,No,1276
12.9,637,14.3,8.0,26.1,3,3996,410,Wheat_maize,SI,CT,CI,Yes,1580
12.9,637,14.3,8.0,26.1,3,3996,410,Wheat_maize,SI,CT,CI,Yes,1633
2.4,477,25.6,6.5,25.3,3,6105,240,Maize,SI,DT,NI,No,-157
2.4,477,25.6,6.5,25.3,3,6257,240,Maize,SI,DT,NI,No,262
9.3,452,11.0,7.56,22.1,1,1665,210,Maize,SDB,NT,NI,No,812
9.3,452,11.0,7.56,22.1,1,3330,210,Maize,SDB,NT,NI,No,842
9.3,452,11.0,7.56,22.1,1,4995,210,Maize,SDB,NT,NI,No,1872
9.3,452,11.0,7.56,22.1,1,6660,210,Maize,SDB,NT,NI,No,1083
9.3,452,11.0,7.56,22.1,1,8325,210,Maize,SDB,NT,NI,No,845
9.3,452,11.0,7.56,22.1,1,9990,210,Maize,SDB,NT,NI,No,856
12.4,550,6.7,8.0,27.4,39,3996,0,Wheat_maize,SI,CT,CI,No,1378
12.4,550,6.7,8.0,27.4,39,3996,180,Wheat_maize,SI,CT,CI,Yes,1432
12.4,550,6.7,8.0,27.4,39,3996,360,Wheat_maize,SI,CT,CI,Yes,274
12.4,550,6.7,8.0,27.4,39,3996,540,Wheat_maize,SI,CT,CI,Yes,-317
21.0,1304,8.5,6.5,25.3,2,3168,100,Maize,SI,CT,NI,Yes,1367
21.0,1304,8.5,6.5,25.3,2,3361,150,Maize,SI,CT,NI,Yes,1451
21.0,1304,8.5,6.5,25.3,2,3453,200,Maize,SI,CT,NI,Yes,614
21.0,1304,8.5,6.5,25.3,2,3585,250,Maize,SI,CT,NI,Yes,558
21.0,1304,8.5,6.5,25.3,2,3564,300,Maize,SI,CT,NI,Yes,586
14.6,516,7.4,7.7,18.7,1,9346,240,Wheat_maize,SI,CT,CI,Yes,643
14.6,516,7.4,7.7,18.7,2,9346,240,Wheat_maize,SI,CT,CI,Yes,715
14.6,516,7.4,7.7,18.7,3,9346,240,Wheat_maize,SI,CT,CI,Yes,991
14.6,516,7.4,7.7,18.7,4,9346,240,Wheat_maize,SI,CT,CI,Yes,1535
13.0,586,10.8,8.1,20.2,2,4234,400,Wheat_maize,SI,CT,CI,Yes,-44
10.1,817,4.7,7.23,18.2,2,2309,180,Maize,SI,CT,NI,Yes,510
13.0,622,10.0,7.77,4.0,5,6199,468,Wheat_maize,SM,NT,NI,Yes,330
13.0,622,10.0,7.77,4.0,6,6283,468,Wheat_maize,SM,NT,NI,Yes,250
17.0,550,15.7,6.4,27.4,2,3361,112,Maize,SI,CT,NI,Yes,-217
3.9,700,11.4,6.75,23.0,2,2801,120,Maize,SI,CT,NI,No,317
3.9,700,11.4,6.75,23.0,2,2801,240,Maize,SI,CT,NI,No,1040
9.0,534,8.1,7.8,27.4,3,3493,150,Wheat,SI,CT,NI,No,664
9.0,534,8.1,7.8,27.4,3,2329,150,Wheat,SI,CT,NI,No,294
9.0,534,8.5,7.8,27.4,3,3493,150,Wheat,SI,CT,NI,No,664
9.0,534,8.5,7.8,27.4,3,2329,150,Wheat,SI,CT,NI,No,294
9.8,733,12.0,7.5,25.0,30,2241,150,Wheat,SI,CT,NI,No,-400
9.8,733,12.0,7.5,25.0,30,2283,96,Wheat,SI,CT,NI,No,200
9.8,733,12.0,7.5,25.0,30,2796,192,Wheat,SI,CT,NI,No,100
3.6,484,13.8,6.6,19.0,17,510,0,Wheat,SM,NT,NI,No,59
3.6,484,13.8,6.6,19.0,17,571,0,Wheat,SI,CT,NI,No,60
3.0,458,56.5,6.0,44.0,17,877,0,Wheat,SM,NT,NI,No,60
3.0,458,56.5,6.0,44.0,17,983,0,Wheat,SI,CT,NI,No,42
10.7,717,14.7,6.2,24.0,3,243,0,Maize,SI,CT,NI,No,270
10.7,717,15.2,6.2,24.0,3,255,0,Maize,SI,CT,NI,No,420
10.7,717,15.9,6.2,24.0,3,375,0,Maize,SI,CT,NI,No,950
10.7,717,14.7,6.2,24.0,3,243,60,Maize,SI,CT,NI,Yes,220
10.7,717,15.2,6.2,24.0,3,255,60,Maize,SI,CT,NI,Yes,0
10.7,717,15.9,6.2,24.0,3,375,60,Maize,SI,CT,NI,Yes,540
29.2,1221,6.2,5.8,13.8,5,1375,94,Maize,SI,CT,NI,No,260
8.2,671,11.4,6.1,25.3,2,5154,225,Maize,SI,CT,NI,Yes,748
8.2,671,11.4,6.1,25.3,2,5154,225,Maize,SI,CT,NI,Yes,748
9.4,550,6.3,8.73,26.1,9,5231,150,Maize,SI,CT,NI,No,2348
9.4,550,6.3,8.73,26.1,6,4948,150,Maize,SI,CT,NI,No,1570
9.4,550,6.3,8.73,26.1,3,4553,150,Maize,SI,CT,NI,No,486
9.4,550,6.3,8.73,26.1,9,4351,150,Maize,SM,NT,CI,No,2348
9.4,550,6.3,8.73,26.1,6,4351,150,Maize,SM,NT,CI,No,1570
9.4,550,6.3,8.73,26.1,3,4351,150,Maize,SM,NT,CI,No,686
14.3,552,5.3,8.0,25.3,4,2753,510,Wheat_maize,SI,CT,CI,Yes,470
14.3,552,5.3,8.0,25.3,4,2753,510,Wheat_maize,SI,CT,CI,Yes,470
14.3,552,5.3,8.0,25.3,4,2753,510,Wheat_maize,SI,DT,CI,Yes,1210
14.3,552,5.3,8.0,25.3,4,2753,510,Wheat_maize,SI,DT,CI,Yes,640
28.6,1017,10.0,5.3,24.0,3,2285,150,Maize,SI,CT,CI,Yes,390
28.6,1017,10.0,5.3,24.0,3,2256,150,Maize,SI,CT,CI,Yes,860
28.6,1017,10.0,5.3,24.0,3,1914,150,Maize,SI,CT,CI,Yes,10
18.0,840,16.8,5.1,40.0,2,880,98,Maize,SM,NT,NI,Yes,741
18.0,840,16.8,5.1,40.0,2,1760,98,Maize,SM,NT,NI,Yes,1285
18.0,840,16.8,5.1,40.0,2,2640,98,Maize,SM,NT,NI,Yes,886
18.0,840,16.8,5.1,40.0,2,3520,98,Maize,SM,NT,NI,Yes,978
18.0,840,16.8,5.1,40.0,3,880,98,Maize,SM,NT,NI,Yes,-301
18.0,840,16.8,5.1,40.0,3,1760,98,Maize,SM,NT,NI,Yes,-228
18.0,840,16.8,5.1,40.0,3,2640,98,Maize,SM,NT,NI,Yes,-215
18.0,840,16.8,5.1,40.0,3,3520,98,Maize,SM,NT,NI,Yes,-221
18.0,840,16.8,5.1,40.0,4,880,98,Maize,SM,NT,NI,Yes,308
18.0,840,16.8,5.1,40.0,4,1760,98,Maize,SM,NT,NI,Yes,499
18.0,840,16.8,5.1,40.0,4,2640,98,Maize,SM,NT,NI,Yes,375
18.0,840,16.8,5.1,40.0,4,3520,98,Maize,SM,NT,NI,Yes,349
18.0,840,16.8,5.1,40.0,5,880,98,Maize,SM,NT,NI,Yes,272
18.0,840,16.8,5.1,40.0,5,1760,98,Maize,SM,NT,NI,Yes,1
18.0,840,16.8,5.1,40.0,5,2640,98,Maize,SM,NT,NI,Yes,27
18.0,840,16.8,5.1,40.0,7,880,98,Maize,SM,NT,NI,Yes,613
18.0,840,16.8,5.1,40.0,7,1760,98,Maize,SM,NT,NI,Yes,811
18.0,840,16.8,5.1,40.0,7,2640,98,Maize,SM,NT,NI,Yes,902
18.0,840,16.8,5.1,40.0,7,3520,98,Maize,SM,NT,NI,Yes,583
18.8,880,7.3,4.5,20.0,1,1760,98,Maize,SM,NT,NI,Yes,-374
18.8,880,7.3,4.5,20.0,1,2640,98,Maize,SM,NT,NI,Yes,39
18.8,880,7.3,4.5,20.0,1,3520,98,Maize,SM,NT,NI,Yes,177
18.8,880,7.3,4.5,20.0,2,3520,98,Maize,SM,NT,NI,Yes,708
18.8,880,7.3,4.5,20.0,4,880,98,Maize,SM,NT,NI,Yes,157
18.8,880,7.3,4.5,20.0,5,880,98,Maize,SM,NT,NI,Yes,214
18.8,880,7.3,4.5,20.0,5,1760,98,Maize,SM,NT,NI,Yes,-46
18.8,880,7.3,4.5,20.0,5,2640,98,Maize,SM,NT,NI,Yes,434
18.8,880,7.3,4.5,20.0,5,3520,98,Maize,SM,NT,NI,Yes,397
18.8,880,7.3,4.5,20.0,6,1760,98,Maize,SM,NT,NI,Yes,121
28.0,645,0.3,4.6,7.7,2,880,98,Maize,SM,NT,NI,Yes,-186
28.0,645,0.3,4.6,7.7,2,1760,98,Maize,SM,NT,NI,Yes,-223
28.0,645,0.3,4.6,7.7,2,2640,98,Maize,SM,NT,NI,Yes,353
28.0,645,0.3,4.6,7.7,2,3520,98,Maize,SM,NT,NI,Yes,223
28.0,645,0.3,4.6,7.7,3,880,98,Maize,SM,NT,NI,Yes,-19
28.0,645,0.3,4.6,7.7,3,2640,98,Maize,SM,NT,NI,Yes,19
28.0,645,0.3,4.6,7.7,4,880,98,Maize,SM,NT,NI,Yes,204
28.0,645,0.3,4.6,7.7,4,1760,98,Maize,SM,NT,NI,Yes,111
28.0,645,0.3,4.6,7.7,5,880,98,Maize,SM,NT,NI,Yes,19
28.0,645,0.3,4.6,7.7,5,2640,98,Maize,SM,NT,NI,Yes,-19
28.0,645,0.3,4.6,7.7,5,3520,98,Maize,SM,NT,NI,Yes,-37
28.0,645,0.3,4.6,7.7,6,3520,98,Maize,SM,NT,NI,Yes,130
28.0,645,0.3,4.6,7.7,7,880,98,Maize,SM,NT,NI,Yes,-74
28.0,645,0.3,4.6,7.7,7,1760,98,Maize,SM,NT,NI,Yes,-60
28.0,645,0.3,4.6,7.7,7,2640,98,Maize,SM,NT,NI,Yes,24
28.0,645,0.3,4.6,7.7,7,3520,98,Maize,SM,NT,NI,Yes,336
22.2,748,10.0,5.3,26.0,5,880,108,Maize,SM,NT,NI,Yes,530
22.2,748,10.0,5.3,26.0,5,1760,108,Maize,SM,NT,NI,Yes,19
22.2,748,10.0,5.3,26.0,5,2640,108,Maize,SM,NT,NI,Yes,568
22.2,748,10.0,5.3,26.0,5,3520,108,Maize,SM,NT,NI,Yes,132
22.2,748,10.0,5.3,26.0,6,880,108,Maize,SM,NT,NI,Yes,-19
22.2,748,10.0,5.3,26.0,6,1760,108,Maize,SM,NT,NI,Yes,303
22.2,748,10.0,5.3,26.0,6,3520,108,Maize,SM,NT,NI,Yes,-132
19.6,926,4.5,5.3,49.0,5,880,138,Maize,SM,NT,NI,Yes,-88
19.6,926,4.5,5.3,49.0,5,2640,138,Maize,SM,NT,NI,Yes,-455
19.6,926,4.5,5.3,49.0,5,3520,138,Maize,SM,NT,NI,Yes,-379
19.6,926,4.5,5.3,49.0,6,880,138,Maize,SM,NT,NI,Yes,-35
19.6,926,4.5,5.3,49.0,6,1760,138,Maize,SM,NT,NI,Yes,-551
19.6,926,4.5,5.3,49.0,6,2640,138,Maize,SM,NT,NI,Yes,-83
19.6,926,4.5,5.3,49.0,6,3520,138,Maize,SM,NT,NI,Yes,-163
19.6,926,4.5,5.3,49.0,7,880,138,Maize,SM,NT,NI,Yes,-188
19.6,926,4.5,5.3,49.0,7,2640,138,Maize,SM,NT,NI,Yes,-265
19.6,926,4.5,5.3,49.0,7,3520,138,Maize,SM,NT,NI,Yes,-339
20.4,936,14.4,5.8,18.0,6,880,104,Maize,SM,NT,NI,Yes,-380
20.4,936,14.4,5.8,18.0,6,1760,104,Maize,SM,NT,NI,Yes,-203
20.4,936,14.4,5.8,18.0,6,2640,104,Maize,SM,NT,NI,Yes,101
20.4,936,14.4,5.8,18.0,6,3520,104,Maize,SM,NT,NI,Yes,-533
20.4,936,14.4,5.8,18.0,7,880,104,Maize,SM,NT,NI,Yes,-152
20.4,936,14.4,5.8,18.0,7,1760,104,Maize,SM,NT,NI,Yes,127
20.4,936,14.4,5.8,18.0,7,2640,104,Maize,SM,NT,NI,Yes,1547
24.0,1155,18.0,4.8,13.5,3,880,104,Maize,SM,NT,NI,Yes,203
24.0,1155,18.0,4.8,13.5,3,1760,104,Maize,SM,NT,NI,Yes,-51
24.0,1155,18.0,4.8,13.5,3,2640,104,Maize,SM,NT,NI,Yes,-25
24.0,1155,18.0,4.8,13.5,3,3520,104,Maize,SM,NT,NI,Yes,76
24.0,1155,18.0,4.8,13.5,4,880,104,Maize,SM,NT,NI,Yes,710
24.0,1155,18.0,4.8,13.5,4,1760,104,Maize,SM,NT,NI,Yes,-355
24.0,1155,18.0,4.8,13.5,4,2640,104,Maize,SM,NT,NI,Yes,1268
24.0,1155,18.0,4.8,13.5,4,3520,104,Maize,SM,NT,NI,Yes,101
24.0,1155,18.0,4.8,13.5,5,3520,104,Maize,SM,NT,NI,Yes,254
24.0,1155,18.0,4.8,13.5,6,880,104,Maize,SM,NT,NI,Yes,-51
24.0,1155,18.0,4.8,13.5,6,1760,104,Maize,SM,NT,NI,Yes,-101
24.0,1155,18.0,4.8,13.5,6,3520,104,Maize,SM,NT,NI,Yes,0
24.0,1155,18.0,4.8,13.5,7,880,104,Maize,SM,NT,NI,Yes,25
24.0,1155,18.0,4.8,13.5,7,1760,104,Maize,SM,NT,NI,Yes,482
24.0,1155,18.0,4.8,13.5,7,2640,104,Maize,SM,NT,NI,Yes,-25
24.0,1155,18.0,4.8,13.5,7,3520,104,Maize,SM,NT,NI,Yes,254
12.9,526,10.6,7.8,25.3,3,5189,338,Wheat_maize,SI,CT,CI,Yes,2293
12.9,526,10.6,7.8,25.3,3,4772,338,Wheat_maize,SI,DT,CI,Yes,1464
12.9,526,10.6,7.8,25.3,3,4841,338,Wheat_maize,SI,CT,CI,Yes,1937
12.9,526,10.6,7.8,25.3,3,2355,338,Wheat_maize,SI,CT,CI,Yes,668
12.9,526,10.6,7.8,25.3,3,2170,338,Wheat_maize,SI,DT,CI,Yes,231
15.9,674,11.3,6.0,24.4,5,2692,150,Maize,SI,CT,NI,No,20
15.9,674,11.3,6.0,24.4,5,2725,150,Maize,SI,CT,NI,No,111
15.9,674,11.3,6.0,24.4,5,2692,150,Maize,SI,CT,NI,No,20
15.9,674,11.3,6.0,24.4,5,2725,150,Maize,SI,CT,NI,No,111
6.9,540,4.4,8.1,26.1,3,3698,67,Maize,SM,NT,NI,Yes,1019
6.9,540,4.4,8.1,26.1,3,3698,67,Maize,SI,CT,NI,Yes,1589
8.1,468,6.2,8.4,26.1,10,2663,75,Maize,SI,CT,NI,No,1550
8.1,468,6.2,8.4,26.1,10,2663,75,Maize,SM,NT,NI,No,960
8.1,468,6.2,8.4,26.1,10,2663,75,Maize,SI,CT,NI,No,1550
8.1,468,6.2,8.4,26.1,10,2663,75,Maize,SM,NT,NI,No,960
14.9,850,10.5,7.8,29.2,51,440,150,Maize,SI,CT,CI,Yes,750
14.9,850,10.5,7.8,29.2,51,440,150,Maize,SI,CT,CI,Yes,860
14.9,850,10.5,7.8,29.2,51,374,150,Wheat,SI,CT,CI,Yes,90
14.9,850,10.5,7.8,29.2,51,374,150,Wheat,SI,CT,CI,Yes,390
4.9,538,21.5,7.5,27.4,2,963,0,Maize,SI,CT,NI,No,24
8.1,430,7.8,8.4,20.8,1,4320,300,Maize,SDB,DT,NI,Yes,80
8.1,430,7.8,8.4,20.8,1,4240,300,Maize,SI,DT,NI,Yes,50
8.1,430,7.8,8.4,20.8,3,4320,300,Maize,SDB,DT,NI,Yes,620
8.1,430,7.8,8.4,20.8,3,4210,300,Maize,SI,DT,NI,Yes,840
8.1,430,7.8,8.4,20.8,4,4280,300,Maize,SDB,DT,NI,Yes,40
8.1,430,7.8,8.4,20.8,4,4220,300,Maize,SI,DT,NI,Yes,390
8.1,430,7.8,8.4,20.8,5,4350,300,Maize,SDB,DT,NI,Yes,1300
8.1,430,7.8,8.4,20.8,5,4200,300,Maize,SI,DT,NI,Yes,1460
18.0,274,9.1,7.0,26.3,3,430,35,Wheat,SI,CT,NI,Yes,227
18.0,274,9.1,7.0,26.3,3,215,70,Wheat,SI,CT,NI,Yes,238
18.0,274,9.1,7.0,26.3,3,215,70,Wheat,SI,CT,NI,Yes,4
6.3,398,6.5,8.0,21.7,5,617,120,Wheat,SM,NT,NI,No,93
6.3,398,6.5,8.0,21.7,5,746,120,Wheat,SI,CT,NI,No,99
6.3,398,6.4,8.0,21.7,5,617,120,Wheat,SM,NT,NI,No,93
6.3,398,6.4,8.0,21.7,5,746,120,Wheat,SI,CT,NI,No,99
12.9,527,11.3,8.2,25.3,9,3344,308,Wheat_maize,SI,CT,CI,Yes,1210
12.9,527,11.3,8.2,25.3,9,3181,308,Wheat_maize,SI,CT,CI,Yes,340
12.9,527,11.3,8.2,25.3,9,2982,308,Wheat_maize,SI,CT,CI,Yes,1972
3.6,500,21.9,7.09,27.4,1,3996,175,Maize,SI,CT,NI,No,96
3.6,500,21.9,7.09,27.4,1,3996,175,Maize,SM,NT,NI,No,-406
12.7,586,7.9,8.1,32.0,1,676,120,Wheat,SI,CT,NI,No,700
13.0,362,7.9,8.1,32.0,2,676,120,Wheat,SI,CT,NI,No,600
5.6,594,9.5,7.8,27.4,3,5145,175,Maize,SI,CT,NI,No,994
6.8,699,10.6,6.9,20.0,3,2031,180,Maize,SI,CT,NI,Yes,203
12.5,558,10.1,4.6,23.9,6,5000,450,Wheat_maize,SM,NT,CI,Yes,1562
12.5,558,10.1,4.6,23.9,6,5000,450,Wheat_maize,SI,CT,CI,Yes,583
12.5,558,10.1,4.6,23.9,6,5000,690,Wheat_maize,SM,NT,CI,Yes,1171
12.5,558,10.1,4.6,23.9,7,5000,450,Wheat_maize,SM,NT,CI,Yes,203
12.5,558,10.1,4.6,23.9,7,5000,450,Wheat_maize,SI,CT,CI,Yes,128
12.5,558,10.1,4.6,23.9,7,5000,690,Wheat_maize,SM,NT,CI,Yes,2271
12.5,558,10.1,4.6,23.9,7,5000,690,Wheat_maize,SI,CT,CI,Yes,159
12.5,587,10.0,6.93,12.9,6,3322,0,Wheat_maize,SM,NT,CI,No,402
12.5,587,10.0,6.93,12.9,6,5246,0,Wheat_maize,SI,CT,CI,No,58
12.5,587,10.0,6.93,12.9,6,8128,225,Wheat_maize,SI,CT,CI,Yes,1022
12.5,587,10.0,6.93,12.9,6,7932,345,Wheat_maize,SM,NT,CI,Yes,-221
13.4,584,10.0,7.7,38.0,5,7186,450,Wheat_maize,SM,NT,CI,Yes,1440
13.4,584,10.0,7.7,38.0,5,7804,450,Wheat_maize,SI,CT,CI,Yes,670
13.4,584,10.0,7.7,38.0,5,6627,690,Wheat_maize,SM,NT,CI,Yes,1180
13.4,584,10.0,7.7,38.0,6,7632,450,Wheat_maize,SM,NT,CI,Yes,260
13.4,584,10.0,7.7,38.0,6,8305,450,Wheat_maize,SI,CT,CI,Yes,120
13.4,584,10.0,7.7,38.0,6,8073,690,Wheat_maize,SM,NT,CI,Yes,2340
13.4,584,10.0,7.7,38.0,6,5242,690,Wheat_maize,SI,CT,CI,Yes,300
9.8,1140,12.9,5.5,9.0,2,2000,150,Wheat,SI,CT,NI,No,-370
8.6,507,10.8,7.8,25.3,2,4440,225,Maize,SI,CT,NI,Yes,291
8.6,507,10.8,7.8,25.3,2,4440,225,Maize,SDB,CT,NI,Yes,919
8.6,507,10.8,7.8,25.3,2,4440,225,Maize,SI,DT,NI,Yes,538
8.6,507,10.8,7.8,25.3,2,4440,225,Maize,SDB,DT,NI,Yes,784
11.2,713,4.1,3.15,45.0,1,3146,150,Wheat,SI,CT,NI,No,-400
11.2,713,4.1,3.15,45.0,1,3359,150,Wheat,SI,CT,NI,No,100
11.2,713,4.1,3.15,45.0,2,3334,150,Wheat,SI,CT,NI,No,-330
11.2,713,4.1,3.15,45.0,2,3304,150,Wheat,SI,CT,NI,No,-400
11.2,713,4.1,3.15,45.0,3,2441,150,Wheat,SI,CT,NI,No,-350
11.2,713,4.1,3.15,45.0,3,2698,150,Wheat,SI,CT,NI,No,250
11.2,713,4.1,3.15,45.0,5,3773,150,Wheat,SI,CT,NI,No,350
11.2,713,4.1,3.15,45.0,5,3731,150,Wheat,SI,CT,NI,No,250
11.2,713,4.1,3.15,45.0,6,3372,150,Wheat,SI,CT,NI,No,-510
11.2,713,4.1,3.15,45.0,6,3372,150,Wheat,SI,CT,NI,No,-510
11.2,713,4.1,3.15,45.0,9,3364,150,Wheat,SI,CT,NI,No,0
11.0,842,12.1,5.1,52.0,1,3697,150,Wheat,SI,CT,NI,No,-10
11.0,842,12.1,5.1,52.0,1,3500,150,Wheat,SI,CT,NI,No,-470
11.0,842,12.1,5.1,52.0,1,3598,150,Wheat,SI,CT,NI,No,780
11.0,842,12.1,5.1,52.0,1,3475,150,Wheat,SI,CT,NI,No,490
11.0,842,12.1,5.1,52.0,2,3645,150,Wheat,SI,CT,NI,No,550
11.0,842,12.1,5.1,52.0,2,3765,150,Wheat,SI,CT,NI,No,830
11.0,842,12.1,5.1,52.0,3,3381,150,Wheat,SI,CT,NI,No,230
11.0,842,12.1,5.1,52.0,3,3449,150,Wheat,SI,CT,NI,No,390
11.0,842,12.1,5.1,52.0,4,3338,150,Wheat,SI,CT,NI,No,-170
11.0,842,12.1,5.1,52.0,4,3394,150,Wheat,SI,CT,NI,No,-40
11.0,842,12.1,5.1,52.0,7,3056,150,Wheat,SI,CT,NI,No,-530
11.0,842,12.1,5.1,52.0,7,3364,150,Wheat,SI,CT,NI,No,190
11.0,842,12.1,5.1,52.0,8,3026,150,Wheat,SI,CT,NI,No,-350
11.0,842,12.1,5.1,52.0,8,3206,150,Wheat,SI,CT,NI,No,70
11.0,842,12.1,5.1,52.0,9,4252,150,Wheat,SI,CT,NI,No,580
11.0,842,12.1,5.1,52.0,10,3658,150,Wheat,SI,CT,NI,No,-410
12.3,688,4.7,6.4,56.0,1,2587,150,Wheat,SI,CT,NI,No,230
12.3,688,4.7,6.4,56.0,1,2710,150,Wheat,SI,CT,NI,No,520
12.3,688,4.7,6.4,56.0,2,2932,150,Wheat,SI,CT,NI,No,-520
12.3,688,4.7,6.4,56.0,2,3095,150,Wheat,SI,CT,NI,No,-140
12.3,688,4.7,6.4,56.0,3,2890,150,Wheat,SI,CT,NI,No,200
12.3,688,4.7,6.4,56.0,3,2582,150,Wheat,SI,CT,NI,No,-520
11.4,1033,21.3,7.5,32.0,2,3338,150,Wheat,SI,CT,NI,No,920
11.4,1033,21.3,7.5,32.0,3,2676,150,Wheat,SI,CT,NI,No,-330
11.4,1033,21.3,7.5,32.0,4,3043,150,Wheat,SI,CT,NI,No,170
11.4,1033,21.3,7.5,32.0,10,3709,150,Wheat,SI,CT,NI,No,170
10.2,837,7.4,6.4,23.0,3,3867,150,Wheat,SI,CT,NI,No,-20
10.2,837,7.4,6.4,23.0,4,3637,150,Wheat,SI,CT,NI,No,-130
10.2,837,7.4,6.4,23.0,6,3547,150,Wheat,SI,CT,NI,No,250
10.2,837,7.4,6.4,23.0,6,3265,150,Wheat,SI,CT,NI,No,-410
10.2,837,7.4,6.4,23.0,7,3808,150,Wheat,SI,CT,NI,No,-450
10.2,837,7.4,6.4,23.0,8,3287,150,Wheat,SI,CT,NI,No,-80
10.2,837,7.4,6.4,23.0,10,4175,150,Wheat,SI,CT,NI,No,-100
10.2,837,7.4,6.4,23.0,10,4153,150,Wheat,SI,CT,NI,No,-150
12.3,688,4.7,6.4,29.0,1,4704,150,Wheat,SI,CT,NI,No,-90
12.3,688,4.7,6.4,29.0,1,3825,150,Wheat,SI,CT,NI,No,-200
12.3,688,4.7,6.4,29.0,1,3974,150,Wheat,SI,CT,NI,No,150
12.3,688,4.7,6.4,29.0,2,4452,150,Wheat,SI,CT,NI,No,-60
12.3,688,4.7,6.4,29.0,2,4388,150,Wheat,SI,CT,NI,No,-210
12.3,688,4.7,6.4,29.0,3,3914,150,Wheat,SI,CT,NI,No,90
12.3,688,4.7,6.4,29.0,3,3923,150,Wheat,SI,CT,NI,No,110
12.3,688,4.7,6.4,29.0,6,4418,150,Wheat,SI,CT,NI,No,-530
12.3,688,4.7,6.4,29.0,6,4580,150,Wheat,SI,CT,NI,No,-150
12.3,688,4.7,6.4,29.0,7,4038,150,Wheat,SI,CT,NI,No,80
12.3,688,4.7,6.4,29.0,7,4102,150,Wheat,SI,CT,NI,No,230
12.3,688,4.7,6.4,29.0,10,4439,150,Wheat,SI,CT,NI,No,-180
7.4,461,12.2,7.87,25.3,22,1332,105,Maize,SI,CT,NI,No,-310
7.4,461,12.6,8.0,25.3,22,390,179,Maize,SI,CT,NI,No,540
7.4,461,13.1,8.0,25.3,22,2274,179,Maize,SI,CT,NI,No,-260
7.4,461,11.6,8.0,25.3,22,2664,105,Maize,SI,CT,NI,No,580
7.4,461,12.9,8.0,25.3,22,1332,105,Maize,SI,CT,NI,No,1070
6.2,477,11.1,7.23,22.9,1,3552,180,Maize,SI,CT,NI,Yes,462
6.2,477,11.1,7.23,22.9,1,3552,180,Maize,SI,CT,NI,Yes,593
6.2,477,11.1,7.23,22.9,1,3552,180,Maize,SI,DT,NI,Yes,104
6.2,477,11.1,7.23,22.9,2,3552,180,Maize,SI,CT,NI,Yes,480
6.2,477,11.1,7.23,22.9,2,3552,180,Maize,SI,CT,NI,Yes,619
6.2,477,11.1,7.23,22.9,2,3552,180,Maize,SI,DT,NI,Yes,70
6.2,477,11.1,7.23,22.9,3,3552,180,Maize,SI,CT,NI,Yes,409
6.2,477,11.1,7.23,22.9,3,3552,180,Maize,SI,CT,NI,Yes,967
6.2,477,11.1,7.23,22.9,3,3552,180,Maize,SI,DT,NI,Yes,-140
12.9,660,10.1,7.8,18.9,3,3591,413,Wheat_maize,SM,NT,CI,No,1228
12.9,660,8.9,7.8,18.9,3,1796,413,Wheat_maize,SM,NT,CI,No,2358
12.9,660,10.1,7.8,18.9,3,1796,413,Wheat_maize,SM,NT,CI,No,-274
12.9,660,9.8,7.8,18.9,3,3996,413,Wheat_maize,SM,NT,CI,No,1228
12.9,660,8.9,7.8,18.9,3,1998,413,Wheat_maize,SM,NT,CI,No,2358
12.9,660,9.7,7.8,18.9,3,1998,413,Wheat_maize,SM,NT,CI,No,-274
12.9,660,10.1,7.8,18.9,2,3591,413,Wheat_maize,SM,NT,CI,No,1348
12.9,660,8.9,7.8,18.9,2,1796,413,Wheat_maize,SM,NT,CI,No,2031
12.9,660,10.1,7.8,18.9,2,1796,413,Wheat_maize,SM,NT,CI,No,438
12.9,660,10.1,7.8,18.9,3,3591,413,Wheat_maize,SM,NT,CI,No,2317
12.9,660,8.9,7.8,18.9,3,1796,413,Wheat_maize,SM,NT,CI,No,2504
12.9,660,10.1,7.8,18.9,3,1796,413,Wheat_maize,SM,NT,CI,No,-80
7.3,655,8.6,6.0,21.7,4,5819,180,Maize,SI,CT,NI,No,906
7.3,655,8.6,6.0,21.7,4,5819,180,Maize,SI,CT,NI,No,906
8.0,620,10.0,6.61,23.2,1,11830,240,Maize,SM,NT,NI,Yes,905
8.0,620,10.0,6.61,23.2,1,11936,240,Maize,SI,CT,NI,Yes,1016
8.0,620,10.0,6.61,23.2,1,11866,240,Maize,SDB,CT,NI,Yes,1658
8.6,699,9.8,6.4,25.3,4,2573,225,Maize,SDB,NT,NI,No,-270
8.6,699,9.8,6.4,25.3,4,5145,225,Maize,SDB,NT,NI,No,-240
8.6,699,9.8,6.4,25.3,4,7718,225,Maize,SDB,NT,NI,No,45
8.6,699,3.9,6.4,25.3,4,2573,225,Maize,SDB,NT,NI,No,-270
8.6,699,3.9,6.4,25.3,4,5145,225,Maize,SDB,NT,NI,No,-240
8.6,699,3.9,6.4,25.3,4,7718,225,Maize,SDB,NT,NI,No,45
10.5,572,8.1,7.8,27.4,5,3591,150,Wheat,SI,CT,NI,No,672
10.5,572,8.1,7.8,27.4,5,2394,150,Wheat,SI,CT,NI,No,450
10.5,572,8.1,7.8,27.4,5,1197,150,Wheat,SI,CT,NI,No,35
10.5,572,8.1,7.8,27.4,5,3591,150,Wheat,SI,CT,NI,No,672
10.5,572,8.1,7.8,27.4,5,2394,150,Wheat,SI,CT,NI,No,450
10.5,572,8.1,7.8,27.4,5,1197,150,Wheat,SI,CT,NI,No,35
27.9,1583,8.3,4.2,4.0,4,1852,150,Wheat,SI,CT,NI,Yes,200
12.9,500,10.3,7.99,11.2,1,7632,371,Wheat_maize,SI,CT,CI,Yes,1300
12.9,500,10.3,7.99,11.2,1,7632,371,Wheat_maize,SDB,DT,CI,Yes,1300
12.9,500,10.3,7.99,11.2,2,7632,371,Wheat_maize,SI,CT,CI,Yes,600
12.9,500,10.3,7.99,11.2,2,7632,371,Wheat_maize,SDB,DT,CI,Yes,2200
7.1,605,11.0,6.1,22.7,2,4981,0,Maize,SI,DT,NI,No,87
7.1,605,11.0,6.1,22.7,2,5550,0,Maize,SM,NT,NI,No,1651
7.1,605,11.0,6.1,22.7,2,4907,180,Maize,SI,DT,NI,Yes,340
7.1,605,11.0,6.1,22.7,2,5560,180,Maize,SM,NT,NI,Yes,2132
7.1,605,11.0,6.1,22.7,2,5054,270,Maize,SI,DT,NI,Yes,-166
7.1,605,11.0,6.1,22.7,2,5540,270,Maize,SM,NT,NI,Yes,1170
8.6,286,4.8,8.4,18.4,1,5328,0,Maize,SI,DT,OI,No,874
8.6,286,4.8,8.4,18.4,1,5328,450,Maize,SI,DT,OI,Yes,2091
8.6,286,4.8,8.4,18.4,2,5328,450,Maize,SI,DT,OI,Yes,1167
13.6,697,8.4,6.5,25.3,11,3696,565,Wheat_maize,SI,CT,CI,Yes,800
13.6,697,8.4,6.5,25.3,11,3696,565,Wheat_maize,SI,CT,CI,Yes,800
13.6,697,7.5,6.5,25.3,11,3949,565,Wheat_maize,SM,NT,CI,Yes,2400
13.6,697,8.4,6.5,25.3,11,4021,565,Wheat_maize,SI,DT,CI,Yes,1200
6.5,450,9.8,8.5,26.1,3,1721,248,Maize,SI,CT,NI,No,1377
6.5,450,9.8,8.5,26.1,3,3748,248,Maize,SI,CT,NI,No,1413
6.5,450,9.8,8.5,26.1,11,1721,248,Maize,SI,CT,NI,No,1377
6.5,450,9.8,8.5,26.1,11,3748,248,Maize,SI,CT,NI,No,1413
8.0,480,6.6,8.0,25.3,7,4149,315,Wheat_maize,SM,CT,CI,Yes,-240
8.0,480,5.5,8.0,25.3,7,4141,315,Wheat_maize,SM,NT,CI,Yes,-410
8.0,480,6.6,8.0,25.3,7,3893,315,Wheat_maize,SM,CT,CI,Yes,1560
8.0,480,5.5,8.0,25.3,7,3492,315,Wheat_maize,SM,NT,CI,Yes,1480
8.0,480,6.6,8.0,25.3,7,2074,315,Wheat_maize,SM,CT,CI,Yes,720
8.0,480,5.5,8.0,25.3,7,1886,315,Wheat_maize,SM,NT,CI,Yes,1280
8.7,610,22.7,7.1,19.3,2,3330,210,Maize,SI,CT,NI,Yes,789
8.7,610,22.7,7.1,19.3,2,3330,210,Maize,SI,CT,NI,Yes,936
8.7,610,22.7,7.1,19.3,2,3330,210,Maize,SI,CT,NI,Yes,613
8.7,610,22.7,7.1,19.3,2,3330,210,Maize,SI,CT,NI,Yes,364
12.5,497,6.7,8.32,27.4,23,3996,90,Wheat_maize,SI,CT,CI,Yes,1015
12.5,497,6.7,8.32,27.4,23,3996,180,Wheat_maize,SI,CT,CI,Yes,550
12.5,497,6.7,8.32,27.4,23,3996,360,Wheat_maize,SI,CT,CI,Yes,578
12.5,497,6.7,8.0,27.4,23,3996,0,Wheat_maize,SI,CT,CI,No,519
12.5,497,6.7,8.0,27.4,23,3996,0,Wheat_maize,SI,CT,CI,No,519
12.5,497,6.7,8.0,27.4,23,3996,90,Wheat_maize,SI,CT,CI,Yes,633
12.5,497,6.7,8.0,27.4,23,3996,180,Wheat_maize,SI,CT,CI,Yes,684
12.5,497,6.7,8.0,27.4,23,3996,360,Wheat_maize,SI,CT,CI,Yes,981
6.0,730,9.1,6.4,25.3,4,5328,0,Maize,SI,CT,NI,No,119
6.0,730,9.1,6.4,25.3,4,5328,300,Maize,SI,CT,NI,No,138
14.9,578,10.3,7.51,22.9,7,2292,500,Wheat_maize,SI,CT,CI,Yes,-330
14.9,578,10.3,8.0,21.9,7,5426,500,Wheat_maize,SI,CT,CI,Yes,80
6.4,385,5.8,8.4,20.3,1,1496,54,Wheat,SI,CT,NI,No,452
6.4,385,5.8,8.4,20.3,1,1496,54,Wheat,SM,NT,NI,No,682
15.1,543,11.5,8.04,17.9,1,7607,410,Wheat_maize,SI,CT,OI,Yes,466
15.1,543,11.5,8.04,17.9,1,7836,410,Wheat_maize,SI,CT,OI,Yes,772
15.1,543,11.5,8.04,17.9,1,7500,410,Wheat_maize,SI,CT,OI,Yes,161
15.1,543,11.5,8.04,17.9,1,7754,410,Wheat_maize,SI,CT,CI,Yes,576
7.7,246,8.7,9.51,26.0,1,5328,168,Maize,SI,NT,CI,No,1955
7.5,358,6.8,9.15,12.6,1,5328,168,Maize,SI,NT,CI,No,364
7.7,246,8.7,9.51,26.0,1,5328,168,Maize,SI,NT,CI,No,2136
7.5,358,6.8,9.15,12.6,1,5328,168,Maize,SI,NT,CI,No,364
13.4,512,7.5,7.7,21.7,2,2502,378,Wheat_maize,SI,CT,CI,Yes,1200
13.4,512,7.5,7.7,21.7,2,2430,378,Wheat_maize,SI,CT,CI,Yes,2100
13.4,512,7.5,7.7,21.7,3,2502,378,Wheat_maize,SI,CT,CI,Yes,1700
13.4,512,7.5,7.7,21.7,3,2430,378,Wheat_maize,SI,CT,CI,Yes,2300
13.4,510,7.5,7.76,21.7,1,2520,375,Wheat_maize,SI,CT,CI,Yes,580
13.4,510,7.5,7.76,21.7,1,2520,375,Wheat_maize,SI,CT,CI,Yes,1550
13.4,510,7.5,7.76,21.7,2,2520,375,Wheat_maize,SI,CT,CI,Yes,860
13.4,510,7.5,7.76,21.7,2,2520,375,Wheat_maize,SI,CT,CI,Yes,1190
13.4,510,7.5,7.76,21.7,3,2520,375,Wheat_maize,SI,CT,CI,Yes,820
13.4,510,7.5,7.76,21.7,3,2520,375,Wheat_maize,SI,CT,CI,Yes,900
9.4,538,10.0,8.4,20.6,1,3542,125,Maize,SI,CT,NI,No,274
9.4,538,10.0,8.4,20.6,1,3542,125,Maize,SDB,NT,NI,No,875
9.4,538,10.0,8.4,20.6,1,3542,175,Maize,SI,CT,NI,No,1103
9.4,538,10.0,8.4,20.6,1,3542,175,Maize,SDB,NT,NI,No,2203
9.4,538,10.0,8.4,20.6,2,3542,125,Maize,SI,CT,NI,No,640
9.4,538,10.0,8.4,20.6,2,3542,125,Maize,SDB,NT,NI,No,1699
9.4,538,10.0,8.4,20.6,2,3542,175,Maize,SI,CT,NI,No,879
9.4,538,10.0,8.4,20.6,2,3542,175,Maize,SDB,NT,NI,No,1715
9.1,571,11.8,7.65,20.6,2,3542,225,Maize,SDB,CT,NI,No,601
9.1,571,11.8,7.65,20.6,2,3542,225,Maize,SDB,CT,NI,No,1294
9.1,571,11.8,7.65,20.6,3,3542,225,Maize,SDB,CT,NI,No,1816
9.1,571,11.8,7.65,20.6,3,3542,225,Maize,SDB,CT,NI,No,1295
9.1,571,11.8,7.65,20.6,4,3542,225,Maize,SDB,CT,NI,No,2336
9.1,571,11.8,7.65,20.6,4,3542,225,Maize,SDB,CT,NI,No,687
9.1,571,11.8,7.65,20.6,5,3542,225,Maize,SDB,CT,NI,No,1563
9.1,571,11.8,7.65,20.6,5,3542,225,Maize,SDB,CT,NI,No,2172
9.1,571,11.8,7.65,20.6,6,3542,225,Maize,SDB,CT,NI,No,1299
9.1,571,11.8,7.65,20.6,6,3542,225,Maize,SDB,CT,NI,No,1386
9.1,571,11.8,7.65,20.6,7,3542,225,Maize,SDB,CT,NI,No,1386
5.7,368,10.6,7.6,27.7,19,2590,110,Wheat,SI,CT,CI,Yes,378
5.7,368,10.6,7.6,27.7,19,2480,110,Wheat,SI,CT,CI,Yes,121
5.7,368,10.6,7.6,27.7,19,2489,110,Wheat,SI,CT,CI,Yes,141
5.7,368,10.6,7.6,27.7,19,2247,110,Wheat,SI,CT,CI,Yes,-425
12.9,527,10.6,7.8,21.7,10,5081,338,Wheat_maize,SI,CT,OI,Yes,380
12.9,527,10.6,7.8,21.7,10,2292,338,Wheat_maize,SI,CT,OI,Yes,370
12.9,527,10.6,7.8,21.7,10,2789,338,Wheat_maize,SI,CT,OI,Yes,1410
12.9,527,11.3,8.2,26.1,8,3035,308,Wheat_maize,SI,CT,CI,Yes,1030
12.9,527,11.3,8.2,26.1,8,3454,308,Wheat_maize,SI,CT,CI,Yes,1270
12.9,527,11.3,8.2,26.1,8,6489,308,Wheat_maize,SI,CT,CI,Yes,2520
12.9,527,11.3,8.2,18.9,9,3591,308,Wheat_maize,SI,CT,CI,Yes,251
12.9,527,11.3,8.2,18.9,9,3870,308,Wheat_maize,SI,CT,CI,Yes,2280
13.6,786,7.2,6.3,25.3,3,2729,480,Wheat_maize,SI,CT,CI,Yes,1018
13.6,786,7.2,6.3,25.3,3,3302,480,Wheat_maize,SI,CT,CI,Yes,908
13.6,786,7.2,6.3,25.3,3,3490,480,Wheat_maize,SI,DT,CI,Yes,717
13.6,786,7.2,6.3,25.3,3,3217,480,Wheat_maize,SI,CT,CI,Yes,822
13.6,786,7.2,6.3,25.3,3,2729,480,Wheat_maize,SI,CT,CI,Yes,1018
13.6,786,7.2,6.3,25.3,3,3302,480,Wheat_maize,SI,CT,CI,Yes,908
13.6,786,7.2,6.3,25.3,3,3490,480,Wheat_maize,SI,DT,CI,Yes,717
13.6,786,7.2,6.3,25.3,3,3217,480,Wheat_maize,SI,CT,CI,Yes,822
8.4,572,12.6,6.38,24.9,9,1110,240,Maize,SM,NT,NI,No,1262
8.4,572,12.6,6.38,24.9,9,2220,240,Maize,SM,NT,NI,No,836
8.4,572,12.6,6.38,24.9,9,3330,240,Maize,SM,NT,NI,No,563
7.4,700,9.2,6.9,20.0,2,4827,150,Maize,SI,CT,NI,No,522
7.4,700,9.2,6.8,20.0,2,4240,120,Maize,SI,CT,NI,No,109
14.6,734,5.9,8.0,21.9,2,1496,360,Wheat_maize,SI,DT,CI,Yes,836
14.6,734,5.9,8.0,21.9,2,2993,360,Wheat_maize,SI,DT,CI,Yes,2416
14.6,734,5.9,8.0,21.9,2,4489,360,Wheat_maize,SI,DT,CI,Yes,1130
14.6,734,5.9,8.0,21.9,3,1496,360,Wheat_maize,SI,DT,CI,Yes,906
14.6,734,5.9,8.0,21.9,3,2993,360,Wheat_maize,SI,DT,CI,Yes,1486
14.6,734,5.9,8.0,21.9,3,4489,360,Wheat_maize,SI,DT,CI,Yes,781
15.4,565,7.2,7.09,25.3,15,4884,345,Wheat_maize,SI,CT,CI,Yes,1245
15.4,565,7.2,7.09,25.3,15,4884,345,Wheat_maize,SI,DT,CI,Yes,757
15.4,565,7.2,7.09,25.3,15,4884,345,Wheat_maize,SI,CT,CI,Yes,636
15.4,565,7.2,7.09,25.3,15,4884,345,Wheat_maize,SI,DT,CI,Yes,452
15.4,565,7.2,7.09,25.3,16,4884,345,Wheat_maize,SI,CT,CI,Yes,2160
15.4,565,7.2,7.09,25.3,16,4884,345,Wheat_maize,SI,DT,CI,Yes,1490
15.4,565,7.2,7.09,25.3,16,4884,345,Wheat_maize,SI,CT,CI,Yes,1368
15.4,565,7.2,7.09,25.3,16,4884,345,Wheat_maize,SI,DT,CI,Yes,1490
2.5,500,24.5,6.81,27.4,7,3075,150,Maize,SI,CT,NI,Yes,711
2.5,500,24.5,6.81,27.4,7,3075,150,Maize,SI,DT,NI,Yes,1114
2.5,500,23.4,6.82,27.4,7,3075,150,Maize,SI,CT,NI,Yes,711
2.5,500,23.4,6.82,27.4,7,3075,150,Maize,SI,DT,NI,Yes,1114
